ma_xa,ten_xa,loai,ten_tinh
09877,An Khánh,Xã,Hà Nội
00004,Ba Đình,Phường,Hà Nội
09700,Ba Vì,Xã,Hà Nội
00292,Bạch Mai,Phường,Hà Nội
09676,Bất Bạt,Xã,Hà Nội
00577,Bát Tràng,Xã,Hà Nội
10126,Bình Minh,Xã,Hà Nội
00118,Bồ Đề,Phường,Hà Nội
00166,Cầu Giấy,Phường,Hà Nội
10237,Chương Dương,Xã,Hà Nội
10015,Chương Mỹ,Phường,Hà Nội
10330,Chuyên Mỹ,Xã,Hà Nội
09634,Cổ Đô,Xã,Hà Nội
00082,Cửa Nam,Phường,Hà Nội
00430,Đa Phúc,Xã,Hà Nội
00637,Đại Mỗ,Phường,Hà Nội
00664,Đại Thanh,Xã,Hà Nội
10342,Đại Xuyên,Xã,Hà Nội
10180,Dân Hòa,Xã,Hà Nội
09784,Đan Phượng,Xã,Hà Nội
00316,Định Công,Phường,Hà Nội
09616,Đoài Phương,Xã,Hà Nội
00454,Đông Anh,Xã,Hà Nội
00235,Đống Đa,Phường,Hà Nội
00602,Đông Ngạc,Phường,Hà Nội
09856,Dương Hòa,Xã,Hà Nội
09886,Dương Nội,Phường,Hà Nội
00565,Gia Lâm,Xã,Hà Nội
00025,Giảng Võ,Phường,Hà Nội
09982,Hạ Bằng,Xã,Hà Nội
09556,Hà Đông,Phường,Hà Nội
00256,Hai Bà Trưng,Phường,Hà Nội
09772,Hát Môn,Xã,Hà Nội
09988,Hòa Lạc,Xã,Hà Nội
10096,Hòa Phú,Xã,Hà Nội
10417,Hòa Xá,Xã,Hà Nội
09832,Hoài Đức,Xã,Hà Nội
00070,Hoàn Kiếm,Phường,Hà Nội
00337,Hoàng Liệt,Phường,Hà Nội
00331,Hoàng Mai,Phường,Hà Nội
00097,Hồng Hà,Phường,Hà Nội
10465,Hồng Sơn,Xã,Hà Nội
10210,Hồng Vân,Xã,Hà Nội
09931,Hưng Đạo,Xã,Hà Nội
10489,Hương Sơn,Xã,Hà Nội
00364,Khương Đình,Phường,Hà Nội
09552,Kiến Hưng,Phường,Hà Nội
09910,Kiều Phú,Xã,Hà Nội
00382,Kim Anh,Xã,Hà Nội
00229,Kim Liên,Phường,Hà Nội
00199,Láng,Phường,Hà Nội
09787,Liên Minh,Xã,Hà Nội
00328,Lĩnh Nam,Phường,Hà Nội
00145,Long Biên,Phường,Hà Nội
09022,Mê Linh,Xã,Hà Nội
09661,Minh Châu,Xã,Hà Nội
10441,Mỹ Đức,Xã,Hà Nội
00685,Nam Phù,Xã,Hà Nội
00160,Nghĩa Đô,Phường,Hà Nội
00008,Ngọc Hà,Phường,Hà Nội
00679,Ngọc Hồi,Xã,Hà Nội
00433,Nội Bài,Xã,Hà Nội
00190,Ô Chợ Dừa,Phường,Hà Nội
09817,Ô Diên,Xã,Hà Nội
09952,Phú Cát,Xã,Hà Nội
00619,Phú Diễn,Phường,Hà Nội
00541,Phù Đổng,Xã,Hà Nội
09568,Phú Lương,Phường,Hà Nội
10030,Phú Nghĩa,Xã,Hà Nội
00091,Phú Thượng,Phường,Hà Nội
10273,Phú Xuyên,Xã,Hà Nội
09739,Phúc Lộc,Xã,Hà Nội
00136,Phúc Lợi,Phường,Hà Nội
10459,Phúc Sơn,Xã,Hà Nội
00466,Phúc Thịnh,Xã,Hà Nội
09715,Phúc Thọ,Xã,Hà Nội
10279,Phượng Dực,Xã,Hà Nội
00352,Phương Liệt,Phường,Hà Nội
10072,Quảng Bị,Xã,Hà Nội
08974,Quang Minh,Xã,Hà Nội
09619,Quảng Oai,Xã,Hà Nội
09895,Quốc Oai,Xã,Hà Nội
00376,Sóc Sơn,Xã,Hà Nội
09871,Sơn Đồng,Xã,Hà Nội
09574,Sơn Tây,Phường,Hà Nội
09694,Suối Hai,Xã,Hà Nội
10144,Tam Hưng,Xã,Hà Nội
00103,Tây Hồ,Phường,Hà Nội
00634,Tây Mỗ,Phường,Hà Nội
10003,Tây Phương,Xã,Hà Nội
00613,Tây Tựu,Phường,Hà Nội
09955,Thạch Thất,Xã,Hà Nội
00643,Thanh Liệt,Phường,Hà Nội
10114,Thanh Oai,Xã,Hà Nội
00640,Thanh Trì,Xã,Hà Nội
00367,Thanh Xuân,Phường,Hà Nội
00493,Thiên Lộc,Xã,Hà Nội
00475,Thư Lâm,Xã,Hà Nội
00562,Thuận An,Xã,Hà Nội
00598,Thượng Cát,Phường,Hà Nội
10231,Thượng Phúc,Xã,Hà Nội
10183,Thường Tín,Xã,Hà Nội
08995,Tiến Thắng,Xã,Hà Nội
10081,Trần Phú,Xã,Hà Nội
00385,Trung Giã,Xã,Hà Nội
00592,Từ Liêm,Phường,Hà Nội
09604,Tùng Thiện,Phường,Hà Nội
00322,Tương Mai,Phường,Hà Nội
10402,Ứng Hòa,Xã,Hà Nội
10369,Ứng Thiên,Xã,Hà Nội
10354,Vân Đình,Xã,Hà Nội
00226,Văn Miếu - Quốc Tử Giám,Phường,Hà Nội
09664,Vật Lại,Xã,Hà Nội
00127,Việt Hưng,Phường,Hà Nội
00301,Vĩnh Hưng,Phường,Hà Nội
00508,Vĩnh Thanh,Xã,Hà Nội
00283,Vĩnh Tuy,Phường,Hà Nội
00611,Xuân Đỉnh,Phường,Hà Nội
10045,Xuân Mai,Xã,Hà Nội
00622,Xuân Phương,Phường,Hà Nội
09706,Yên Bài,Xã,Hà Nội
00175,Yên Hòa,Phường,Hà Nội
08980,Yên Lãng,Xã,Hà Nội
09562,Yên Nghĩa,Phường,Hà Nội
00340,Yên Sở,Phường,Hà Nội
04930,Yên Xuân,Xã,Hà Nội
01708,Bạch Đằng,Xã,Cao Bằng
01321,Bảo Lạc,Xã,Cao Bằng
01290,Bảo Lâm,Xã,Cao Bằng
01636,Bế Văn Đàn,Xã,Cao Bằng
01738,Ca Thành,Xã,Cao Bằng
01366,Cần Yên,Xã,Cao Bằng
01789,Canh Tân,Xã,Cao Bằng
01327,Cô Ba,Xã,Cao Bằng
01324,Cốc Pàng,Xã,Cao Bằng
01501,Đàm Thuỷ,Xã,Cao Bằng
01489,Đình Phong,Xã,Cao Bằng
01525,Đoài Dương,Xã,Cao Bằng
01594,Độc Lập,Xã,Cao Bằng
01786,Đông Khê,Xã,Cao Bằng
01822,Đức Long,Xã,Cao Bằng
01558,Hạ Lang,Xã,Cao Bằng
01438,Hà Quảng,Xã,Cao Bằng
01618,Hạnh Phúc,Xã,Cao Bằng
01654,Hòa An,Xã,Cao Bằng
01351,Hưng Đạo,Xã,Cao Bằng
01354,Huy Giáp,Xã,Cao Bằng
01336,Khánh Xuân,Xã,Cao Bằng
01792,Kim Đồng,Xã,Cao Bằng
01393,Lũng Nặm,Xã,Cao Bằng
01294,Lý Bôn,Xã,Cao Bằng
01537,Lý Quốc,Xã,Cao Bằng
01795,Minh Khai,Xã,Cao Bằng
01747,Minh Tâm,Xã,Cao Bằng
01297,Nam Quang,Xã,Cao Bằng
01660,Nam Tuấn,Xã,Cao Bằng
01726,Nguyên Bình,Xã,Cao Bằng
01699,Nguyễn Huệ,Xã,Cao Bằng
01279,Nùng Trí Cao,Phường,Cao Bằng
01768,Phan Thanh,Xã,Cao Bằng
01648,Phục Hòa,Xã,Cao Bằng
01456,Quang Hán,Xã,Cao Bằng
01304,Quảng Lâm,Xã,Cao Bằng
01552,Quang Long,Xã,Cao Bằng
01465,Quang Trung,Xã,Cao Bằng
01576,Quảng Uyên,Xã,Cao Bằng
01360,Sơn Lộ,Xã,Cao Bằng
01774,Tam Kim,Xã,Cao Bằng
01288,Tân Giang,Phường,Cao Bằng
01807,Thạch An,Xã,Cao Bằng
01777,Thành Công,Xã,Cao Bằng
01387,Thanh Long,Xã,Cao Bằng
01363,Thông Nông,Xã,Cao Bằng
01273,Thục Phán,Phường,Cao Bằng
01729,Tĩnh Túc,Xã,Cao Bằng
01414,Tổng Cọt,Xã,Cao Bằng
01447,Trà Lĩnh,Xã,Cao Bằng
01477,Trùng Khánh,Xã,Cao Bằng
01392,Trường Hà,Xã,Cao Bằng
01561,Vinh Quý,Xã,Cao Bằng
01339,Xuân Trường,Xã,Cao Bằng
01318,Yên Thổ,Xã,Cao Bằng
02512,An Tường,Phường,Tuyên Quang
00991,Bắc Mê,Xã,Tuyên Quang
01153,Bắc Quang,Xã,Tuyên Quang
00832,Bạch Đích,Xã,Tuyên Quang
00976,Bạch Ngọc,Xã,Tuyên Quang
02380,Bạch Xa,Xã,Tuyên Quang
01024,Bản Máy,Xã,Tuyên Quang
01180,Bằng Hành,Xã,Tuyên Quang
01246,Bằng Lang,Xã,Tuyên Quang
02296,Bình An,Xã,Tuyên Quang
02548,Bình Ca,Xã,Tuyên Quang
02524,Bình Thuận,Phường,Tuyên Quang
02404,Bình Xa,Xã,Tuyên Quang
00883,Cán Tỷ,Xã,Tuyên Quang
00952,Cao Bồ,Xã,Tuyên Quang
02287,Chiêm Hoá,Xã,Tuyên Quang
02245,Côn Lôn,Xã,Tuyên Quang
01165,Đồng Tâm,Xã,Tuyên Quang
02572,Đông Thọ,Xã,Tuyên Quang
00721,Đồng Văn,Xã,Tuyên Quang
01216,Đồng Yên,Xã,Tuyên Quang
00871,Du Già,Xã,Tuyên Quang
01012,Đường Hồng,Xã,Tuyên Quang
00865,Đường Thượng,Xã,Tuyên Quang
00985,Giáp Trung,Xã,Tuyên Quang
00694,Hà Giang 1,Phường,Tuyên Quang
00691,Hà Giang 2,Phường,Tuyên Quang
02374,Hàm Yên,Xã,Tuyên Quang
01084,Hồ Thầu,Xã,Tuyên Quang
02353,Hòa An,Xã,Tuyên Quang
01021,Hoàng Su Phì,Xã,Tuyên Quang
02608,Hồng Sơn,Xã,Tuyên Quang
02260,Hồng Thái,Xã,Tuyên Quang
01201,Hùng An,Xã,Tuyên Quang
02425,Hùng Đức,Xã,Tuyên Quang
02455,Hùng Lợi,Xã,Tuyên Quang
00802,Khâu Vai,Xã,Tuyên Quang
01147,Khuôn Lùng,Xã,Tuyên Quang
02332,Kiên Đài,Xã,Tuyên Quang
02437,Kiến Thiết,Xã,Tuyên Quang
02350,Kim Bình,Xã,Tuyên Quang
02266,Lâm Bình,Xã,Tuyên Quang
00937,Lao Chải,Xã,Tuyên Quang
01192,Liên Hiệp,Xã,Tuyên Quang
00970,Linh Hồ,Xã,Tuyên Quang
02434,Lực Hành,Xã,Tuyên Quang
00715,Lũng Cú,Xã,Tuyên Quang
00763,Lũng Phìn,Xã,Tuyên Quang
00901,Lùng Tám,Xã,Tuyên Quang
00847,Mậu Duệ,Xã,Tuyên Quang
00769,Mèo Vạc,Xã,Tuyên Quang
00994,Minh Ngọc,Xã,Tuyên Quang
02302,Minh Quang,Xã,Tuyên Quang
00982,Minh Sơn,Xã,Tuyên Quang
00919,Minh Tân,Xã,Tuyên Quang
02554,Minh Thanh,Xã,Tuyên Quang
02215,Minh Xuân,Phường,Tuyên Quang
02509,Mỹ Lâm,Phường,Tuyên Quang
02221,Nà Hang,Xã,Tuyên Quang
01141,Nấm Dẩn,Xã,Tuyên Quang
01075,Nậm Dịch,Xã,Tuyên Quang
00889,Nghĩa Thuận,Xã,Tuyên Quang
00700,Ngọc Đường,Xã,Tuyên Quang
00859,Ngọc Long,Xã,Tuyên Quang
02530,Nhữ Khê,Xã,Tuyên Quang
00817,Niêm Sơn,Xã,Tuyên Quang
02212,Nông Tiến,Phường,Tuyên Quang
01096,Pà Vầy Sủ,Xã,Tuyên Quang
00745,Phố Bảng,Xã,Tuyên Quang
00706,Phú Linh,Xã,Tuyên Quang
02611,Phú Lương,Xã,Tuyên Quang
02392,Phù Lưu,Xã,Tuyên Quang
01057,Pờ Ly Ngài,Xã,Tuyên Quang
00874,Quản Bạ,Xã,Tuyên Quang
01237,Quang Bình,Xã,Tuyên Quang
01144,Quảng Nguyên,Xã,Tuyên Quang
00733,Sà Phìn,Xã,Tuyên Quang
02536,Sơn Dương,Xã,Tuyên Quang
02620,Sơn Thủy,Xã,Tuyên Quang
00778,Sơn Vĩ,Xã,Tuyên Quang
00787,Sủng Máng,Xã,Tuyên Quang
02320,Tân An,Xã,Tuyên Quang
02470,Tân Long,Xã,Tuyên Quang
02308,Tân Mỹ,Xã,Tuyên Quang
01171,Tân Quang,Xã,Tuyên Quang
02578,Tân Thanh,Xã,Tuyên Quang
01051,Tân Tiến,Xã,Tuyên Quang
02545,Tân Trào,Xã,Tuyên Quang
01243,Tân Trịnh,Xã,Tuyên Quang
00808,Tát Ngà,Xã,Tuyên Quang
02494,Thái Bình,Xã,Tuyên Quang
02419,Thái Hòa,Xã,Tuyên Quang
02407,Thái Sơn,Xã,Tuyên Quang
00829,Thắng Mố,Xã,Tuyên Quang
01033,Thàng Tín,Xã,Tuyên Quang
00928,Thanh Thuỷ,Xã,Tuyên Quang
01090,Thông Nguyên,Xã,Tuyên Quang
00922,Thuận Hòa,Xã,Tuyên Quang
02269,Thượng Lâm,Xã,Tuyên Quang
02239,Thượng Nông,Xã,Tuyên Quang
00958,Thượng Sơn,Xã,Tuyên Quang
01225,Tiên Nguyên,Xã,Tuyên Quang
01261,Tiên Yên,Xã,Tuyên Quang
02359,Tri Phú,Xã,Tuyên Quang
02305,Trung Hà,Xã,Tuyên Quang
02458,Trung Sơn,Xã,Tuyên Quang
01117,Trung Thịnh,Xã,Tuyên Quang
02623,Trường Sinh,Xã,Tuyên Quang
00925,Tùng Bá,Xã,Tuyên Quang
00892,Tùng Vài,Xã,Tuyên Quang
00913,Vị Xuyên,Xã,Tuyên Quang
00967,Việt Lâm,Xã,Tuyên Quang
01156,Vĩnh Tuy,Xã,Tuyên Quang
01108,Xín Mần,Xã,Tuyên Quang
01255,Xuân Giang,Xã,Tuyên Quang
02449,Xuân Vân,Xã,Tuyên Quang
01006,Yên Cường,Xã,Tuyên Quang
02248,Yên Hoa,Xã,Tuyên Quang
02317,Yên Lập,Xã,Tuyên Quang
00820,Yên Minh,Xã,Tuyên Quang
02365,Yên Nguyên,Xã,Tuyên Quang
02398,Yên Phú,Xã,Tuyên Quang
02473,Yên Sơn,Xã,Tuyên Quang
01234,Yên Thành,Xã,Tuyên Quang
03301,Búng Lao,Xã,Điện Biên
03175,Chà Tở,Xã,Điện Biên
03283,Chiềng Sinh,Xã,Điện Biên
03127,Điện Biên Phủ,Phường,Điện Biên
03256,Mường Ảng,Xã,Điện Biên
03166,Mường Chà,Xã,Điện Biên
03313,Mường Lạn,Xã,Điện Biên
03151,Mường Lay,Phường,Điện Biên
03214,Mường Luân,Xã,Điện Biên
03268,Mường Mùn,Xã,Điện Biên
03368,Mường Nhà,Xã,Điện Biên
03160,Mường Nhé,Xã,Điện Biên
03325,Mường Phăng,Xã,Điện Biên
03202,Mường Pồn,Xã,Điện Biên
03334,Mường Thanh,Phường,Điện Biên
03163,Mường Toong,Xã,Điện Biên
03181,Mường Tùng,Xã,Điện Biên
03176,Nà Bủng,Xã,Điện Biên
03169,Nà Hỳ,Xã,Điện Biên
03172,Na Sang,Xã,Điện Biên
03203,Na Son,Xã,Điện Biên
03316,Nà Tấu,Xã,Điện Biên
03162,Nậm Kè,Xã,Điện Biên
03194,Nậm Nèn,Xã,Điện Biên
03358,Núa Ngam,Xã,Điện Biên
03193,Pa Ham,Xã,Điện Biên
03382,Phình Giàng,Xã,Điện Biên
03370,Pu Nhi,Xã,Điện Biên
03260,Pú Nhung,Xã,Điện Biên
03295,Quài Tở,Xã,Điện Biên
03164,Quảng Lâm,Xã,Điện Biên
03356,Sam Mứn,Xã,Điện Biên
03244,Sáng Nhè,Xã,Điện Biên
03199,Si Pa Phìn,Xã,Điện Biên
03226,Sín Chải,Xã,Điện Biên
03158,Sín Thầu,Xã,Điện Biên
03241,Sính Phình,Xã,Điện Biên
03352,Thanh An,Xã,Điện Biên
03328,Thanh Nưa,Xã,Điện Biên
03349,Thanh Yên,Xã,Điện Biên
03385,Tìa Dình,Xã,Điện Biên
03217,Tủa Chùa,Xã,Điện Biên
03220,Tủa Thàng,Xã,Điện Biên
03253,Tuần Giáo,Xã,Điện Biên
03208,Xa Dung,Xã,Điện Biên
03424,Bản Bo,Xã,Lai Châu
03390,Bình Lư,Xã,Lai Châu
03466,Bum Nưa,Xã,Lai Châu
03433,Bum Tở,Xã,Lai Châu
03571,Dào San,Xã,Lai Châu
03388,Đoàn Kết,Phường,Lai Châu
03508,Hồng Thu,Xã,Lai Châu
03460,Hua Bum,Xã,Lai Châu
03640,Khoen On,Xã,Lai Châu
03583,Khổng Lào,Xã,Lai Châu
03430,Khun Há,Xã,Lai Châu
03487,Lê Lợi,Xã,Lai Châu
03451,Mù Cả,Xã,Lai Châu
03601,Mường Khoa,Xã,Lai Châu
03637,Mường Kim,Xã,Lai Châu
03472,Mường Mô,Xã,Lai Châu
03445,Mường Tè,Xã,Lai Châu
03618,Mường Than,Xã,Lai Châu
03544,Nậm Cuổi,Xã,Lai Châu
03434,Nậm Hàng,Xã,Lai Châu
03538,Nậm Mạ,Xã,Lai Châu
03613,Nậm Sỏ,Xã,Lai Châu
03517,Nậm Tăm,Xã,Lai Châu
03503,Pa Tần,Xã,Lai Châu
03442,Pa Ủ,Xã,Lai Châu
03616,Pắc Ta,Xã,Lai Châu
03549,Phong Thổ,Xã,Lai Châu
03532,Pu Sam Cáp,Xã,Lai Châu
03562,Sì Lở Lầu,Xã,Lai Châu
03478,Sìn Hồ,Xã,Lai Châu
03394,Sin Suối Hồ,Xã,Lai Châu
03405,Tả Lèng,Xã,Lai Châu
03463,Tà Tổng,Xã,Lai Châu
03408,Tân Phong,Phường,Lai Châu
03598,Tân Uyên,Xã,Lai Châu
03595,Than Uyên,Xã,Lai Châu
03439,Thu Lũm,Xã,Lai Châu
03529,Tủa Sín Chải,Xã,Lai Châu
03856,Bắc Yên,Xã,Sơn La
03724,Bình Thuận,Xã,Sơn La
04171,Bó Sinh,Xã,Sơn La
03664,Chiềng An,Phường,Sơn La
03670,Chiềng Cơi,Phường,Sơn La
04078,Chiềng Hặc,Xã,Sơn La
03850,Chiềng Hoa,Xã,Sơn La
04204,Chiềng Khoong,Xã,Sơn La
04222,Chiềng Khương,Xã,Sơn La
03754,Chiềng La,Xã,Sơn La
03814,Chiềng Lao,Xã,Sơn La
04132,Chiềng Mai,Xã,Sơn La
04123,Chiềng Mung,Xã,Sơn La
03892,Chiềng Sại,Xã,Sơn La
03679,Chiềng Sinh,Phường,Sơn La
04195,Chiềng Sơ,Xã,Sơn La
03985,Chiềng Sơn,Xã,Sơn La
04108,Chiềng Sung,Xã,Sơn La
03781,Co Mạ,Xã,Sơn La
04000,Đoàn Kết,Xã,Sơn La
03922,Gia Phù,Xã,Sơn La
04210,Huổi Một,Xã,Sơn La
03961,Kim Bon,Xã,Sơn La
03763,Long Hẹ,Xã,Sơn La
04096,Lóng Phiêng,Xã,Sơn La
04045,Lóng Sập,Xã,Sơn La
04105,Mai Sơn,Xã,Sơn La
03980,Mộc Châu,Phường,Sơn La
03979,Mộc Sơn,Phường,Sơn La
03799,Muổi Nọi,Xã,Sơn La
03760,Mường Bám,Xã,Sơn La
03943,Mường Bang,Xã,Sơn La
03847,Mường Bú,Xã,Sơn La
04117,Mường Chanh,Xã,Sơn La
03688,Mường Chiên,Xã,Sơn La
03907,Mường Cơi,Xã,Sơn La
03727,Mường É,Xã,Sơn La
03694,Mường Giôn,Xã,Sơn La
04219,Mường Hung,Xã,Sơn La
03757,Mường Khiêng,Xã,Sơn La
03808,Mường La,Xã,Sơn La
04183,Mường Lầm,Xã,Sơn La
04246,Mường Lạn,Xã,Sơn La
04240,Mường Lèo,Xã,Sơn La
03712,Mường Sại,Xã,Sơn La
03784,Nậm Lầu,Xã,Sơn La
04186,Nậm Ty,Xã,Sơn La
03820,Ngọc Chiến,Xã,Sơn La
03871,Pắc Ngà,Xã,Sơn La
04144,Phiêng Cằm,Xã,Sơn La
04099,Phiêng Khoài,Xã,Sơn La
04159,Phiêng Pằn,Xã,Sơn La
03910,Phù Yên,Xã,Sơn La
04228,Púng Bánh,Xã,Sơn La
03703,Quỳnh Nhai,Xã,Sơn La
04006,Song Khủa,Xã,Sơn La
04168,Sông Mã,Xã,Sơn La
04231,Sốp Cộp,Xã,Sơn La
03901,Suối Tọ,Xã,Sơn La
04136,Tà Hộc,Xã,Sơn La
03880,Tạ Khoa,Xã,Sơn La
03868,Tà Xùa,Xã,Sơn La
03970,Tân Phong,Xã,Sơn La
03997,Tân Yên,Xã,Sơn La
03982,Thảo Nguyên,Phường,Sơn La
03721,Thuận Châu,Xã,Sơn La
03646,Tô Hiệu,Phường,Sơn La
04018,Tô Múa,Xã,Sơn La
03958,Tường Hạ,Xã,Sơn La
04048,Vân Hồ,Xã,Sơn La
04033,Vân Sơn,Phường,Sơn La
03862,Xím Vàng,Xã,Sơn La
04057,Xuân Nha,Xã,Sơn La
04075,Yên Châu,Xã,Sơn La
04087,Yên Sơn,Xã,Sơn La
02686,A Mú Sung,Xã,Lào Cai
04543,Âu Lâu,Phường,Lào Cai
02839,Bắc Hà,Xã,Lào Cai
03046,Bản Hồ,Xã,Lào Cai
02788,Bản Lầu,Xã,Lào Cai
02869,Bản Liền,Xã,Lào Cai
02725,Bản Xèo,Xã,Lào Cai
04750,Bảo Ái,Xã,Lào Cai
02989,Bảo Hà,Xã,Lào Cai
02890,Bảo Nhai,Xã,Lào Cai
02905,Bảo Thắng,Xã,Lào Cai
02947,Bảo Yên,Xã,Lào Cai
02683,Bát Xát,Xã,Lào Cai
02671,Cam Đường,Phường,Lào Cai
04726,Cảm Nhân,Xã,Lào Cai
02782,Cao Sơn,Xã,Lào Cai
04693,Cát Thịnh,Xã,Lào Cai
04681,Cầu Thia,Phường,Lào Cai
04699,Chấn Thịnh,Xã,Lào Cai
04387,Châu Quế,Xã,Lào Cai
04489,Chế Tạo,Xã,Lào Cai
03091,Chiềng Ken,Xã,Lào Cai
02896,Cốc Lầu,Xã,Lào Cai
02746,Cốc San,Xã,Lào Cai
02707,Dền Sáng,Xã,Lào Cai
04399,Đông Cuông,Xã,Lào Cai
03106,Dương Quỳ,Xã,Lào Cai
04636,Gia Hội,Xã,Lào Cai
02923,Gia Phú,Xã,Lào Cai
04585,Hạnh Phúc,Xã,Lào Cai
02680,Hợp Thành,Xã,Lào Cai
04576,Hưng Khánh,Xã,Lào Cai
04342,Khánh Hòa,Xã,Lào Cai
03103,Khánh Yên,Xã,Lào Cai
04465,Khao Mang,Xã,Lào Cai
04381,Lâm Giang,Xã,Lào Cai
04309,Lâm Thượng,Xã,Lào Cai
02647,Lào Cai,Phường,Lào Cai
04474,Lao Chải,Xã,Lào Cai
04660,Liên Sơn,Xã,Lào Cai
04303,Lục Yên,Xã,Lào Cai
02848,Lùng Phình,Xã,Lào Cai
04537,Lương Thịnh,Xã,Lào Cai
04375,Mậu A,Xã,Lào Cai
03121,Minh Lương,Xã,Lào Cai
04450,Mỏ Vàng,Xã,Lào Cai
04456,Mù Cang Chải,Xã,Lào Cai
03043,Mường Bo,Xã,Lào Cai
02728,Mường Hum,Xã,Lào Cai
02761,Mường Khương,Xã,Lào Cai
04345,Mường Lai,Xã,Lào Cai
03076,Nậm Chày,Xã,Lào Cai
04462,Nậm Có,Xã,Lào Cai
04273,Nam Cường,Phường,Lào Cai
03085,Nậm Xé,Xã,Lào Cai
02953,Nghĩa Đô,Xã,Lào Cai
04288,Nghĩa Lộ,Phường,Lào Cai
04711,Nghĩa Tâm,Xã,Lào Cai
03004,Ngũ Chỉ Sơn,Xã,Lào Cai
02752,Pha Long,Xã,Lào Cai
04609,Phình Hồ,Xã,Lào Cai
04402,Phong Dụ Hạ,Xã,Lào Cai
04423,Phong Dụ Thượng,Xã,Lào Cai
02902,Phong Hải,Xã,Lào Cai
02998,Phúc Khánh,Xã,Lào Cai
04363,Phúc Lợi,Xã,Lào Cai
04492,Púng Luông,Xã,Lào Cai
04531,Quy Mông,Xã,Lào Cai
03006,Sa Pa,Phường,Lào Cai
02809,Si Ma Cai,Xã,Lào Cai
02824,Sín Chéng,Xã,Lào Cai
04651,Sơn Lương,Xã,Lào Cai
02842,Tả Củ Tỷ,Xã,Lào Cai
03013,Tả Phìn,Xã,Lào Cai
03037,Tả Van,Xã,Lào Cai
04603,Tà Xi Láng,Xã,Lào Cai
04429,Tân Hợp,Xã,Lào Cai
04336,Tân Lĩnh,Xã,Lào Cai
02908,Tằng Loỏng,Xã,Lào Cai
04717,Thác Bà,Xã,Lào Cai
04705,Thượng Bằng La,Xã,Lào Cai
02968,Thượng Hà,Xã,Lào Cai
04606,Trạm Tấu,Xã,Lào Cai
04498,Trấn Yên,Xã,Lào Cai
02695,Trịnh Tường,Xã,Lào Cai
04663,Trung Tâm,Phường,Lào Cai
04630,Tú Lệ,Xã,Lào Cai
03082,Văn Bàn,Xã,Lào Cai
04672,Văn Chấn,Xã,Lào Cai
04279,Văn Phú,Phường,Lào Cai
04564,Việt Hồng,Xã,Lào Cai
03061,Võ Lao,Xã,Lào Cai
04441,Xuân Ái,Xã,Lào Cai
02962,Xuân Hòa,Xã,Lào Cai
02926,Xuân Quang,Xã,Lào Cai
02701,Y Tý,Xã,Lào Cai
04252,Yên Bái,Phường,Lào Cai
04714,Yên Bình,Xã,Lào Cai
04744,Yên Thành,Xã,Lào Cai
05809,An Khánh,Xã,Thái Nguyên
01906,Ba Bể,Xã,Thái Nguyên
05533,Bá Xuyên,Phường,Thái Nguyên
01843,Bắc Kạn,Phường,Thái Nguyên
05528,Bách Quang,Phường,Thái Nguyên
02014,Bạch Thông,Xã,Thái Nguyên
01864,Bằng Thành,Xã,Thái Nguyên
01942,Bằng Vân,Xã,Thái Nguyên
05605,Bình Thành,Xã,Thái Nguyên
05587,Bình Yên,Xã,Thái Nguyên
02008,Cẩm Giàng,Xã,Thái Nguyên
01879,Cao Minh,Xã,Thái Nguyên
02020,Chợ Đồn,Xã,Thái Nguyên
02086,Chợ Mới,Xã,Thái Nguyên
01912,Chợ Rã,Xã,Thái Nguyên
02185,Côn Minh,Xã,Thái Nguyên
02152,Cường Lợi,Xã,Thái Nguyên
05488,Đại Phúc,Xã,Thái Nguyên
05830,Đại Từ,Xã,Thái Nguyên
05755,Dân Tiến,Xã,Thái Nguyên
05941,Điềm Thụy,Xã,Thái Nguyên
05569,Định Hóa,Xã,Thái Nguyên
05692,Đồng Hỷ,Xã,Thái Nguyên
01933,Đồng Phúc,Xã,Thái Nguyên
05776,Đức Lương,Xã,Thái Nguyên
01840,Đức Xuân,Phường,Thái Nguyên
05467,Gia Sàng,Phường,Thái Nguyên
01960,Hiệp Lực,Xã,Thái Nguyên
05632,Hợp Thành,Xã,Thái Nguyên
05953,Kha Sơn,Xã,Thái Nguyên
05551,Kim Phượng,Xã,Thái Nguyên
05818,La Bằng,Xã,Thái Nguyên
05740,La Hiên,Xã,Thái Nguyên
05542,Lam Vỹ,Xã,Thái Nguyên
05710,Linh Sơn,Phường,Thái Nguyên
01936,Nà Phặc,Xã,Thái Nguyên
02155,Na Rì,Xã,Thái Nguyên
02026,Nam Cường,Xã,Thái Nguyên
05707,Nam Hòa,Xã,Thái Nguyên
01954,Ngân Sơn,Xã,Thái Nguyên
02071,Nghĩa Tá,Xã,Thái Nguyên
01882,Nghiên Loan,Xã,Thái Nguyên
05722,Nghinh Tường,Xã,Thái Nguyên
05443,Phan Đình Phùng,Phường,Thái Nguyên
05860,Phổ Yên,Phường,Thái Nguyên
01849,Phong Quang,Xã,Thái Nguyên
05908,Phú Bình,Xã,Thái Nguyên
05602,Phú Đình,Xã,Thái Nguyên
05788,Phú Lạc,Xã,Thái Nguyên
05611,Phú Lương,Xã,Thái Nguyên
05800,Phú Thịnh,Xã,Thái Nguyên
01969,Phủ Thông,Xã,Thái Nguyên
05773,Phú Xuyên,Xã,Thái Nguyên
01894,Phúc Lộc,Xã,Thái Nguyên
05857,Phúc Thuận,Phường,Thái Nguyên
05563,Phượng Tiến,Xã,Thái Nguyên
05851,Quân Chu,Xã,Thái Nguyên
05482,Quan Triều,Phường,Thái Nguyên
02038,Quảng Bạch,Xã,Thái Nguyên
05674,Quang Sơn,Xã,Thái Nguyên
05455,Quyết Thắng,Phường,Thái Nguyên
05719,Sảng Mộc,Xã,Thái Nguyên
05518,Sông Công,Phường,Thái Nguyên
05503,Tân Cương,Xã,Thái Nguyên
05917,Tân Khánh,Xã,Thái Nguyên
02104,Tân Kỳ,Xã,Thái Nguyên
05923,Tân Thành,Xã,Thái Nguyên
05725,Thần Sa,Xã,Thái Nguyên
05881,Thành Công,Xã,Thái Nguyên
02101,Thanh Mai,Xã,Thái Nguyên
02107,Thanh Thịnh,Xã,Thái Nguyên
01921,Thượng Minh,Xã,Thái Nguyên
01957,Thượng Quan,Xã,Thái Nguyên
05500,Tích Lương,Phường,Thái Nguyên
05662,Trại Cau,Xã,Thái Nguyên
02176,Trần Phú,Xã,Thái Nguyên
05746,Tràng Xá,Xã,Thái Nguyên
05581,Trung Hội,Xã,Thái Nguyên
05899,Trung Thành,Phường,Thái Nguyên
05680,Văn Hán,Xã,Thái Nguyên
02143,Văn Lang,Xã,Thái Nguyên
5665,Văn Lăng,Xã,Thái Nguyên
05845,Vạn Phú,Xã,Thái Nguyên
05890,Vạn Xuân,Phường,Thái Nguyên
01981,Vĩnh Thông,Xã,Thái Nguyên
05716,Võ Nhai,Xã,Thái Nguyên
05641,Vô Tranh,Xã,Thái Nguyên
02191,Xuân Dương,Xã,Thái Nguyên
02116,Yên Bình,Xã,Thái Nguyên
02083,Yên Phong,Xã,Thái Nguyên
02044,Yên Thịnh,Xã,Thái Nguyên
05620,Yên Trạch,Xã,Thái Nguyên
06196,Ba Sơn,Xã,Lạng Sơn
06325,Bắc Sơn,Xã,Lạng Sơn
06475,Bằng Mạc,Xã,Lạng Sơn
06112,Bình Gia,Xã,Lạng Sơn
06427,Cai Kinh,Xã,Lạng Sơn
06211,Cao Lộc,Xã,Lạng Sơn
06637,Châu Sơn,Xã,Lạng Sơn
06463,Chi Lăng,Xã,Lạng Sơn
06481,Chiến Thắng,Xã,Lạng Sơn
06220,Công Sơn,Xã,Lạng Sơn
06280,Điềm He,Xã,Lạng Sơn
06613,Đình Lập,Xã,Lạng Sơn
06001,Đoàn Kết,Xã,Lạng Sơn
06184,Đồng Đăng,Xã,Lạng Sơn
05977,Đông Kinh,Phường,Lạng Sơn
06073,Hoa Thám,Xã,Lạng Sơn
06172,Hoàng Văn Thụ,Xã,Lạng Sơn
06151,Hội Hoan,Xã,Lạng Sơn
06079,Hồng Phong,Xã,Lạng Sơn
06349,Hưng Vũ,Xã,Lạng Sơn
06400,Hữu Liên,Xã,Lạng Sơn
06385,Hữu Lũng,Xã,Lạng Sơn
06037,Kháng Chiến,Xã,Lạng Sơn
06286,Khánh Khê,Xã,Lạng Sơn
06565,Khuất Xá,Xã,Lạng Sơn
06625,Kiên Mộc,Xã,Lạng Sơn
06187,Kỳ Lừa,Phường,Lạng Sơn
06529,Lộc Bình,Xã,Lạng Sơn
06601,Lợi Bác,Xã,Lạng Sơn
05983,Lương Văn Tri,Phường,Lạng Sơn
06541,Mẫu Sơn,Xã,Lạng Sơn
06526,Na Dương,Xã,Lạng Sơn
06124,Na Sầm,Xã,Lạng Sơn
06496,Nhân Lý,Xã,Lạng Sơn
06376,Nhất Hòa,Xã,Lạng Sơn
06517,Quan Sơn,Xã,Lạng Sơn
06004,Quốc Khánh,Xã,Lạng Sơn
06058,Quốc Việt,Xã,Lạng Sơn
06076,Quý Hòa,Xã,Lạng Sơn
05986,Tam Thanh,Phường,Lạng Sơn
06316,Tân Đoàn,Xã,Lạng Sơn
06445,Tân Thành,Xã,Lạng Sơn
06019,Tân Tiến,Xã,Lạng Sơn
06337,Tân Tri,Xã,Lạng Sơn
06115,Tân Văn,Xã,Lạng Sơn
06616,Thái Bình,Xã,Lạng Sơn
06040,Thất Khê,Xã,Lạng Sơn
06085,Thiện Hòa,Xã,Lạng Sơn
06103,Thiện Long,Xã,Lạng Sơn
06436,Thiện Tân,Xã,Lạng Sơn
06091,Thiện Thuật,Xã,Lạng Sơn
06577,Thống Nhất,Xã,Lạng Sơn
06148,Thụy Hùng,Xã,Lạng Sơn
06046,Tràng Định,Xã,Lạng Sơn
06313,Tri Lễ,Xã,Lạng Sơn
06457,Tuấn Sơn,Xã,Lạng Sơn
06154,Văn Lãng,Xã,Lạng Sơn
06505,Vạn Linh,Xã,Lạng Sơn
06415,Vân Nham,Xã,Lạng Sơn
06253,Văn Quan,Xã,Lạng Sơn
06367,Vũ Lăng,Xã,Lạng Sơn
06364,Vũ Lễ,Xã,Lạng Sơn
06607,Xuân Dương,Xã,Lạng Sơn
06391,Yên Bình,Xã,Lạng Sơn
06298,Yên Phúc,Xã,Lạng Sơn
07090,An Sinh,Phường,Quảng Ninh
06970,Ba Chẽ,Xã,Quảng Ninh
06673,Bãi Cháy,Phường,Quảng Ninh
07081,Bình Khê,Phường,Quảng Ninh
06838,Bình Liêu,Xã,Quảng Ninh
06967,Cái Chiên,Xã,Quảng Ninh
06793,Cẩm Phả,Phường,Quảng Ninh
06658,Cao Xanh,Phường,Quảng Ninh
07192,Cô Tô,Đặc khu,Quảng Ninh
06781,Cửa Ông,Phường,Quảng Ninh
06895,Đầm Hà,Xã,Quảng Ninh
06874,Điền Xá,Xã,Quảng Ninh
07135,Đông Mai,Phường,Quảng Ninh
06877,Đông Ngũ,Xã,Quảng Ninh
07093,Đông Triều,Phường,Quảng Ninh
06946,Đường Hoa,Xã,Quảng Ninh
07168,Hà An,Phường,Quảng Ninh
06676,Hà Lầm,Phường,Quảng Ninh
06688,Hạ Long,Phường,Quảng Ninh
06652,Hà Tu,Phường,Quảng Ninh
06799,Hải Hòa,Xã,Quảng Ninh
06886,Hải Lạng,Xã,Quảng Ninh
06733,Hải Ninh,Xã,Quảng Ninh
06724,Hải Sơn,Xã,Quảng Ninh
07147,Hiệp Hòa,Phường,Quảng Ninh
07114,Hoàng Quế,Phường,Quảng Ninh
07030,Hoành Bồ,Phường,Quảng Ninh
06841,Hoành Mô,Xã,Quảng Ninh
06685,Hồng Gai,Phường,Quảng Ninh
06979,Kỳ Thượng,Xã,Quảng Ninh
07180,Liên Hòa,Phường,Quảng Ninh
06856,Lục Hồn,Xã,Quảng Ninh
06985,Lương Minh,Xã,Quảng Ninh
07069,Mạo Khê,Phường,Quảng Ninh
06712,Móng Cái 1,Phường,Quảng Ninh
06709,Móng Cái 2,Phường,Quảng Ninh
06736,Móng Cái 3,Phường,Quảng Ninh
06760,Mông Dương,Phường,Quảng Ninh
07183,Phong Cốc,Phường,Quảng Ninh
06931,Quảng Đức,Xã,Quảng Ninh
06922,Quảng Hà,Xã,Quảng Ninh
06778,Quang Hanh,Phường,Quảng Ninh
07054,Quảng La,Xã,Quảng Ninh
06913,Quảng Tân,Xã,Quảng Ninh
07132,Quảng Yên,Phường,Quảng Ninh
07060,Thống Nhất,Xã,Quảng Ninh
06862,Tiên Yên,Xã,Quảng Ninh
06706,Tuần Châu,Phường,Quảng Ninh
06811,Uông Bí,Phường,Quảng Ninh
06994,Vân Đồn,Đặc khu,Quảng Ninh
06820,Vàng Danh,Phường,Quảng Ninh
06661,Việt Hưng,Phường,Quảng Ninh
06757,Vĩnh Thực,Xã,Quảng Ninh
06832,Yên Tử,Phường,Quảng Ninh
07654,An Lạc,Xã,Bắc Ninh
07210,Bắc Giang,Phường,Bắc Ninh
07498,Bắc Lũng,Xã,Bắc Ninh
07462,Bảo Đài,Xã,Bắc Ninh
07573,Biển Động,Xã,Bắc Ninh
07537,Biên Sơn,Xã,Bắc Ninh
07294,Bố Hạ,Xã,Bắc Ninh
09295,Bồng Lai,Phường,Bắc Ninh
07519,Cẩm Lý,Xã,Bắc Ninh
07738,Cảnh Thụy,Phường,Bắc Ninh
09466,Cao Đức,Xã,Bắc Ninh
09313,Chi Lăng,Xã,Bắc Ninh
07525,Chũ,Phường,Bắc Ninh
07228,Đa Mai,Phường,Bắc Ninh
09340,Đại Đồng,Xã,Bắc Ninh
09469,Đại Lai,Xã,Bắc Ninh
07627,Đại Sơn,Xã,Bắc Ninh
09301,Đào Viên,Phường,Bắc Ninh
07594,Đèo Gia,Xã,Bắc Ninh
09487,Đông Cứu,Xã,Bắc Ninh
07282,Đồng Kỳ,Xã,Bắc Ninh
09385,Đồng Nguyên,Phường,Bắc Ninh
07450,Đông Phú,Xã,Bắc Ninh
07735,Đồng Việt,Xã,Bắc Ninh
07672,Dương Hưu,Xã,Bắc Ninh
09454,Gia Bình,Xã,Bắc Ninh
09325,Hạp Lĩnh,Phường,Bắc Ninh
07840,Hiệp Hòa,Xã,Bắc Ninh
07822,Hoàng Vân,Xã,Bắc Ninh
07864,Hợp Thịnh,Xã,Bắc Ninh
07399,Kép,Xã,Bắc Ninh
07552,Kiên Lao,Xã,Bắc Ninh
09187,Kinh Bắc,Phường,Bắc Ninh
09529,Lâm Thao,Xã,Bắc Ninh
07375,Lạng Giang,Xã,Bắc Ninh
09334,Liên Bão,Xã,Bắc Ninh
07444,Lục Nam,Xã,Bắc Ninh
07582,Lục Ngạn,Xã,Bắc Ninh
07492,Lục Sơn,Xã,Bắc Ninh
09496,Lương Tài,Xã,Bắc Ninh
09409,Mão Điền,Phường,Bắc Ninh
07420,Mỹ Thái,Xã,Bắc Ninh
07603,Nam Dương,Xã,Bắc Ninh
09286,Nam Sơn,Phường,Bắc Ninh
07795,Nếnh,Phường,Bắc Ninh
07486,Nghĩa Phương,Xã,Bắc Ninh
07351,Ngọc Thiện,Xã,Bắc Ninh
07306,Nhã Nam,Xã,Bắc Ninh
09253,Nhân Hòa,Phường,Bắc Ninh
09475,Nhân Thắng,Xã,Bắc Ninh
09445,Ninh Xá,Phường,Bắc Ninh
09349,Phật Tích,Xã,Bắc Ninh
09379,Phù Khê,Phường,Bắc Ninh
09292,Phù Lãng,Xã,Bắc Ninh
07330,Phúc Hòa,Xã,Bắc Ninh
09265,Phương Liễu,Phường,Bắc Ninh
07612,Phượng Sơn,Phường,Bắc Ninh
07333,Quang Trung,Xã,Bắc Ninh
09247,Quế Võ,Phường,Bắc Ninh
07534,Sa Lý,Xã,Bắc Ninh
07615,Sơn Động,Xã,Bắc Ninh
07543,Sơn Hải,Xã,Bắc Ninh
09433,Song Liễu,Phường,Bắc Ninh
09208,Tam Đa,Xã,Bắc Ninh
09202,Tam Giang,Xã,Bắc Ninh
09370,Tam Sơn,Phường,Bắc Ninh
07264,Tam Tiến,Xã,Bắc Ninh
07682,Tân An,Phường,Bắc Ninh
09343,Tân Chi,Xã,Bắc Ninh
07432,Tân Dĩnh,Xã,Bắc Ninh
07531,Tân Sơn,Xã,Bắc Ninh
07699,Tân Tiến,Phường,Bắc Ninh
07339,Tân Yên,Xã,Bắc Ninh
07616,Tây Yên Tử,Xã,Bắc Ninh
09400,Thuận Thành,Phường,Bắc Ninh
09319,Tiên Du,Xã,Bắc Ninh
07381,Tiên Lục,Xã,Bắc Ninh
07696,Tiền Phong,Phường,Bắc Ninh
09430,Trạm Lộ,Phường,Bắc Ninh
09427,Trí Quả,Phường,Bắc Ninh
09523,Trung Chính,Xã,Bắc Ninh
09499,Trung Kênh,Xã,Bắc Ninh
07489,Trường Sơn,Xã,Bắc Ninh
07774,Tự Lạn,Phường,Bắc Ninh
09367,Từ Sơn,Phường,Bắc Ninh
07663,Tuấn Đạo,Xã,Bắc Ninh
07798,Vân Hà,Phường,Bắc Ninh
09238,Văn Môn,Xã,Bắc Ninh
07621,Vân Sơn,Xã,Bắc Ninh
07777,Việt Yên,Phường,Bắc Ninh
09190,Võ Cường,Phường,Bắc Ninh
09169,Vũ Ninh,Phường,Bắc Ninh
07870,Xuân Cẩm,Xã,Bắc Ninh
07246,Xuân Lương,Xã,Bắc Ninh
07642,Yên Định,Xã,Bắc Ninh
07681,Yên Dũng,Phường,Bắc Ninh
09193,Yên Phong,Xã,Bắc Ninh
07288,Yên Thế,Xã,Bắc Ninh
09205,Yên Trung,Xã,Bắc Ninh
05425,An Bình,Xã,Phú Thọ
05395,An Nghĩa,Xã,Phú Thọ
07948,Âu Cơ,Phường,Phú Thọ
08527,Bản Nguyên,Xã,Phú Thọ
07996,Bằng Luân,Xã,Phú Thọ
05245,Bao La,Xã,Phú Thọ
08935,Bình Nguyên,Xã,Phú Thọ
08275,Bình Phú,Xã,Phú Thọ
08944,Bình Tuyền,Xã,Phú Thọ
08950,Bình Xuyên,Xã,Phú Thọ
08341,Cẩm Khê,Xã,Phú Thọ
05047,Cao Dương,Xã,Phú Thọ
05089,Cao Phong,Xã,Phú Thọ
04876,Cao Sơn,Xã,Phú Thọ
08038,Chân Mộng,Xã,Phú Thọ
07999,Chí Đám,Xã,Phú Thọ
08218,Chí Tiên,Xã,Phú Thọ
08614,Cự Đồng,Xã,Phú Thọ
04831,Đà Bắc,Xã,Phú Thọ
08923,Đại Đình,Xã,Phú Thọ
05347,Đại Đồng,Xã,Phú Thọ
08254,Dân Chủ,Xã,Phú Thọ
08071,Đan Thượng,Xã,Phú Thọ
08914,Đạo Trù,Xã,Phú Thọ
08662,Đào Xá,Xã,Phú Thọ
07969,Đoan Hùng,Xã,Phú Thọ
08431,Đồng Lương,Xã,Phú Thọ
08209,Đông Thành,Xã,Phú Thọ
04846,Đức Nhàn,Xã,Phú Thọ
05086,Dũng Tiến,Xã,Phú Thọ
08053,Hạ Hòa,Xã,Phú Thọ
08782,Hải Lựu,Xã,Phú Thọ
08110,Hiền Lương,Xã,Phú Thọ
08443,Hiền Quan,Xã,Phú Thọ
04795,Hòa Bình,Phường,Phú Thọ
08896,Hoàng An,Xã,Phú Thọ
08203,Hoàng Cương,Xã,Phú Thọ
08905,Hội Thịnh,Xã,Phú Thọ
05068,Hợp Kim,Xã,Phú Thọ
08770,Hợp Lý,Xã,Phú Thọ
08416,Hùng Việt,Xã,Phú Thọ
08632,Hương Cần,Xã,Phú Thọ
08515,Hy Cương,Xã,Phú Thọ
08635,Khả Cửu,Xã,Phú Thọ
04978,Kim Bôi,Xã,Phú Thọ
04894,Kỳ Sơn,Phường,Phú Thọ
05362,Lạc Lương,Xã,Phú Thọ
05266,Lạc Sơn,Xã,Phú Thọ
05392,Lạc Thủy,Xã,Phú Thọ
08560,Lai Đồng,Xã,Phú Thọ
08494,Lâm Thao,Xã,Phú Thọ
08761,Lập Thạch,Xã,Phú Thọ
09064,Liên Châu,Xã,Phú Thọ
08812,Liên Hòa,Xã,Phú Thọ
08227,Liên Minh,Xã,Phú Thọ
04960,Liên Sơn,Xã,Phú Thọ
08620,Long Cốc,Xã,Phú Thọ
04924,Lương Sơn,Xã,Phú Thọ
05200,Mai Châu,Xã,Phú Thọ
05251,Mai Hạ,Xã,Phú Thọ
08593,Minh Đài,Xã,Phú Thọ
08338,Minh Hòa,Xã,Phú Thọ
05158,Mường Bi,Xã,Phú Thọ
05014,Mường Động,Xã,Phú Thọ
05134,Mường Hoa,Xã,Phú Thọ
05116,Mường Thàng,Xã,Phú Thọ
05287,Mường Vang,Xã,Phú Thọ
04990,Nật Sơn,Xã,Phú Thọ
05329,Ngọc Sơn,Xã,Phú Thọ
09052,Nguyệt Đức,Xã,Phú Thọ
05290,Nhân Nghĩa,Xã,Phú Thọ
07894,Nông Trang,Phường,Phú Thọ
05212,Pà Cò,Xã,Phú Thọ
07954,Phong Châu,Phường,Phú Thọ
08398,Phú Khê,Xã,Phú Thọ
08236,Phú Mỹ,Xã,Phú Thọ
08230,Phù Ninh,Xã,Phú Thọ
07942,Phú Thọ,Phường,Phú Thọ
08740,Phúc Yên,Phường,Phú Thọ
08521,Phùng Nguyên,Xã,Phú Thọ
08173,Quảng Yên,Xã,Phú Thọ
04873,Quy Đức,Xã,Phú Thọ
05323,Quyết Thắng,Xã,Phú Thọ
08866,Sơn Đông,Xã,Phú Thọ
08296,Sơn Lương,Xã,Phú Thọ
08848,Sông Lô,Xã,Phú Thọ
08911,Tam Đảo,Xã,Phú Thọ
08869,Tam Dương,Xã,Phú Thọ
08872,Tam Dương Bắc,Xã,Phú Thọ
09043,Tam Hồng,Xã,Phú Thọ
08434,Tam Nông,Xã,Phú Thọ
08824,Tam Sơn,Xã,Phú Thọ
04792,Tân Hòa,Phường,Phú Thọ
05128,Tân Lạc,Xã,Phú Thọ
05206,Tân Mai,Xã,Phú Thọ
04849,Tân Pheo,Xã,Phú Thọ
08566,Tân Sơn,Xã,Phú Thọ
08023,Tây Cốc,Xã,Phú Thọ
09040,Tề Lỗ,Xã,Phú Thọ
08788,Thái Hòa,Xã,Phú Thọ
08152,Thanh Ba,Xã,Phú Thọ
07909,Thanh Miếu,Phường,Phú Thọ
08542,Thanh Sơn,Xã,Phú Thọ
08674,Thanh Thủy,Xã,Phú Thọ
04897,Thịnh Minh,Xã,Phú Thọ
09112,Thổ Tang,Xã,Phú Thọ
08479,Thọ Văn,Xã,Phú Thọ
04828,Thống Nhất,Phường,Phú Thọ
08545,Thu Cúc,Xã,Phú Thọ
05092,Thung Nai,Xã,Phú Thọ
05293,Thượng Cốc,Xã,Phú Thọ
08323,Thượng Long,Xã,Phú Thọ
08842,Tiên Lữ,Xã,Phú Thọ
08344,Tiên Lương,Xã,Phú Thọ
04891,Tiền Phong,Xã,Phú Thọ
05191,Toàn Thắng,Xã,Phú Thọ
08245,Trạm Thản,Xã,Phú Thọ
08311,Trung Sơn,Xã,Phú Thọ
08686,Tu Vũ,Xã,Phú Thọ
08377,Vân Bán,Xã,Phú Thọ
08134,Văn Lang,Xã,Phú Thọ
08611,Văn Miếu,Xã,Phú Thọ
07918,Vân Phú,Phường,Phú Thọ
05152,Vân Sơn,Xã,Phú Thọ
08467,Vạn Xuân,Xã,Phú Thọ
07900,Việt Trì,Phường,Phú Thọ
09079,Vĩnh An,Xã,Phú Thọ
08143,Vĩnh Chân,Xã,Phú Thọ
09100,Vĩnh Hưng,Xã,Phú Thọ
09154,Vĩnh Phú,Xã,Phú Thọ
08716,Vĩnh Phúc,Phường,Phú Thọ
09106,Vĩnh Thành,Xã,Phú Thọ
09076,Vĩnh Tường,Xã,Phú Thọ
08707,Vĩnh Yên,Phường,Phú Thọ
08584,Võ Miếu,Xã,Phú Thọ
08590,Xuân Đài,Xã,Phú Thọ
08746,Xuân Hòa,Phường,Phú Thọ
08971,Xuân Lãng,Xã,Phú Thọ
08500,Xuân Lũng,Xã,Phú Thọ
08305,Xuân Viên,Xã,Phú Thọ
08113,Yên Kỳ,Xã,Phú Thọ
09025,Yên Lạc,Xã,Phú Thọ
08773,Yên Lãng,Xã,Phú Thọ
08290,Yên Lập,Xã,Phú Thọ
05305,Yên Phú,Xã,Phú Thọ
08656,Yên Sơn,Xã,Phú Thọ
05353,Yên Thủy,Xã,Phú Thọ
05386,Yên Trị,Xã,Phú Thọ
10660,Ái Quốc,Phường,Hải Phòng
11407,An Biên,Phường,Hải Phòng
11581,An Dương,Phường,Hải Phòng
11617,An Hải,Phường,Hải Phòng
11674,An Hưng,Xã,Hải Phòng
11668,An Khánh,Xã,Hải Phòng
11629,An Lão,Xã,Hải Phòng
11593,An Phong,Phường,Hải Phòng
10645,An Phú,Xã,Hải Phòng
11647,An Quang,Xã,Hải Phòng
10792,An Thành,Xã,Hải Phòng
11635,An Trường,Xã,Hải Phòng
10678,Bắc An Phụ,Phường,Hải Phòng
11254,Bắc Thanh Miện,Xã,Hải Phòng
11473,Bạch Đằng,Phường,Hải Phòng
11948,Bạch Long Vĩ,Đặc khu,Hải Phòng
10966,Bình Giang,Xã,Hải Phòng
10888,Cẩm Giang,Xã,Hải Phòng
10903,Cẩm Giàng,Xã,Hải Phòng
11914,Cát Hải,Đặc khu,Hải Phòng
11806,Chấn Hưng,Xã,Hải Phòng
10546,Chí Linh,Phường,Hải Phòng
11131,Chí Minh,Xã,Hải Phòng
10549,Chu Văn An,Phường,Hải Phòng
11086,Đại Sơn,Xã,Hải Phòng
11455,Đồ Sơn,Phường,Hải Phòng
11411,Đông Hải,Phường,Hải Phòng
10972,Đường An,Xã,Hải Phòng
11692,Dương Kinh,Phường,Hải Phòng
10999,Gia Lộc,Xã,Hải Phòng
11050,Gia Phúc,Xã,Hải Phòng
11359,Gia Viên,Phường,Hải Phòng
10816,Hà Bắc,Xã,Hải Phòng
10882,Hà Đông,Xã,Hải Phòng
10843,Hà Nam,Xã,Hải Phòng
10846,Hà Tây,Xã,Hải Phòng
11413,Hải An,Phường,Hải Phòng
10525,Hải Dương,Phường,Hải Phòng
11257,Hải Hưng,Xã,Hải Phòng
11533,Hòa Bình,Phường,Hải Phòng
11602,Hồng An,Phường,Hải Phòng
11311,Hồng Bàng,Phường,Hải Phòng
11218,Hồng Châu,Xã,Hải Phòng
10615,Hợp Tiến,Xã,Hải Phòng
11689,Hưng Đạo,Phường,Hải Phòng
11809,Hùng Thắng,Xã,Hải Phòng
10945,Kẻ Sặt,Xã,Hải Phòng
11224,Khúc Thừa Dụ,Xã,Hải Phòng
11443,Kiến An,Phường,Hải Phòng
11749,Kiến Hải,Xã,Hải Phòng
11728,Kiến Hưng,Xã,Hải Phòng
11725,Kiến Minh,Xã,Hải Phòng
11680,Kiến Thụy,Xã,Hải Phòng
10804,Kim Thành,Xã,Hải Phòng
10675,Kinh Môn,Phường,Hải Phòng
11140,Lạc Phượng,Xã,Hải Phòng
10756,Lai Khê,Xã,Hải Phòng
11383,Lê Chân,Phường,Hải Phòng
10603,Lê Đại Hành,Phường,Hải Phòng
11506,Lê Ích Mộc,Phường,Hải Phòng
10532,Lê Thanh Nghị,Phường,Hải Phòng
11488,Lưu Kiếm,Phường,Hải Phòng
10930,Mao Điền,Xã,Hải Phòng
10705,Nam An Phụ,Xã,Hải Phòng
11737,Nam Đồ Sơn,Phường,Hải Phòng
10837,Nam Đồng,Phường,Hải Phòng
10606,Nam Sách,Xã,Hải Phòng
11284,Nam Thanh Miện,Xã,Hải Phòng
11542,Nam Triệu,Phường,Hải Phòng
11713,Nghi Dương,Xã,Hải Phòng
11329,Ngô Quyền,Phường,Hải Phòng
11911,Nguyễn Bỉnh Khiêm,Xã,Hải Phòng
10744,Nguyễn Đại Năng,Phường,Hải Phòng
11146,Nguyên Giáp,Xã,Hải Phòng
11242,Nguyễn Lương Bằng,Xã,Hải Phòng
10552,Nguyễn Trãi,Phường,Hải Phòng
10714,Nhị Chiểu,Phường,Hải Phòng
11203,Ninh Giang,Xã,Hải Phòng
10726,Phạm Sư Mạnh,Phường,Hải Phòng
11446,Phù Liễn,Phường,Hải Phòng
10750,Phú Thái,Xã,Hải Phòng
11761,Quyết Thắng,Xã,Hải Phòng
11167,Tân An,Xã,Hải Phòng
10537,Tân Hưng,Phường,Hải Phòng
11113,Tân Kỳ,Xã,Hải Phòng
11779,Tân Minh,Xã,Hải Phòng
11002,Thạch Khôi,Phường,Hải Phòng
10642,Thái Tân,Xã,Hải Phòng
10507,Thành Đông,Phường,Hải Phòng
10813,Thanh Hà,Xã,Hải Phòng
11239,Thanh Miện,Xã,Hải Phòng
11557,Thiên Hương,Phường,Hải Phòng
10993,Thượng Hồng,Xã,Hải Phòng
11560,Thuỷ Nguyên,Phường,Hải Phòng
11755,Tiên Lãng,Xã,Hải Phòng
11791,Tiên Minh,Xã,Hải Phòng
10570,Trần Hưng Đạo,Phường,Hải Phòng
10729,Trần Liễu,Phường,Hải Phòng
10573,Trần Nhân Tông,Phường,Hải Phòng
10633,Trần Phú,Xã,Hải Phòng
11065,Trường Tân,Xã,Hải Phòng
11074,Tứ Kỳ,Xã,Hải Phòng
10891,Tứ Minh,Phường,Hải Phòng
10909,Tuệ Tĩnh,Xã,Hải Phòng
10543,Việt Hòa,Phường,Hải Phòng
11503,Việt Khê,Xã,Hải Phòng
11887,Vĩnh Am,Xã,Hải Phòng
11824,Vĩnh Bảo,Xã,Hải Phòng
11875,Vĩnh Hải,Xã,Hải Phòng
11848,Vĩnh Hòa,Xã,Hải Phòng
11164,Vĩnh Lại,Xã,Hải Phòng
11836,Vĩnh Thịnh,Xã,Hải Phòng
11842,Vĩnh Thuận,Xã,Hải Phòng
11020,Yết Kiêu,Xã,Hải Phòng
12499,A Sào,Xã,Hưng Yên
13021,Ái Quốc,Xã,Hưng Yên
12142,Ân Thi,Xã,Hưng Yên
12694,Bắc Đông Hưng,Xã,Hưng Yên
12745,Bắc Đông Quan,Xã,Hưng Yên
12916,Bắc Thái Ninh,Xã,Hưng Yên
12859,Bắc Thụy Anh,Xã,Hưng Yên
12700,Bắc Tiên Hưng,Xã,Hưng Yên
13186,Bình Định,Xã,Hưng Yên
13096,Bình Nguyên,Xã,Hưng Yên
13183,Bình Thanh,Xã,Hưng Yên
12247,Châu Ninh,Xã,Hưng Yên
12271,Chí Minh,Xã,Hưng Yên
11995,Đại Đồng,Xã,Hưng Yên
12619,Diên Hà,Xã,Hưng Yên
12406,Đoàn Đào,Xã,Hưng Yên
12526,Đồng Bằng,Xã,Hưng Yên
13003,Đồng Châu,Xã,Hưng Yên
12688,Đông Hưng,Xã,Hưng Yên
12793,Đông Quan,Xã,Hưng Yên
12943,Đông Thái Ninh,Xã,Hưng Yên
12862,Đông Thụy Anh,Xã,Hưng Yên
12988,Đông Tiền Hải,Xã,Hưng Yên
12736,Đông Tiên Hưng,Xã,Hưng Yên
12313,Đức Hợp,Xã,Hưng Yên
12133,Đường Hào,Phường,Hưng Yên
12322,Hiệp Cường,Xã,Hưng Yên
12070,Hoàn Long,Xã,Hưng Yên
12337,Hoàng Hoa Thám,Xã,Hưng Yên
11980,Hồng Châu,Phường,Hưng Yên
12685,Hồng Minh,Xã,Hưng Yên
12196,Hồng Quang,Xã,Hưng Yên
13159,Hồng Vũ,Xã,Hưng Yên
12586,Hưng Hà,Xã,Hưng Yên
13066,Hưng Phú,Xã,Hưng Yên
12205,Khoái Châu,Xã,Hưng Yên
13075,Kiến Xương,Xã,Hưng Yên
11992,Lạc Đạo,Xã,Hưng Yên
13120,Lê Lợi,Xã,Hưng Yên
12676,Lê Quý Đôn,Xã,Hưng Yên
12613,Long Hưng,Xã,Hưng Yên
12280,Lương Bằng,Xã,Hưng Yên
12049,Mễ Sở,Xã,Hưng Yên
12511,Minh Thọ,Xã,Hưng Yên
12103,Mỹ Hào,Phường,Hưng Yên
13057,Nam Cường,Xã,Hưng Yên
12775,Nam Đông Hưng,Xã,Hưng Yên
12961,Nam Thái Ninh,Xã,Hưng Yên
12904,Nam Thụy Anh,Xã,Hưng Yên
13063,Nam Tiền Hải,Xã,Hưng Yên
12763,Nam Tiên Hưng,Xã,Hưng Yên
12286,Nghĩa Dân,Xã,Hưng Yên
12031,Nghĩa Trụ,Xã,Hưng Yên
12517,Ngọc Lâm,Xã,Hưng Yên
12595,Ngự Thiên,Xã,Hưng Yên
12532,Nguyễn Du,Xã,Hưng Yên
12184,Nguyễn Trãi,Xã,Hưng Yên
12064,Nguyễn Văn Linh,Xã,Hưng Yên
12004,Như Quỳnh,Xã,Hưng Yên
12148,Phạm Ngũ Lão,Xã,Hưng Yên
11953,Phố Hiến,Phường,Hưng Yên
12523,Phụ Dực,Xã,Hưng Yên
12025,Phụng Công,Xã,Hưng Yên
12391,Quang Hưng,Xã,Hưng Yên
13132,Quang Lịch,Xã,Hưng Yên
12577,Quỳnh An,Xã,Hưng Yên
12472,Quỳnh Phụ,Xã,Hưng Yên
11983,Sơn Nam,Phường,Hưng Yên
11977,Tân Hưng,Xã,Hưng Yên
13246,Tân Thuận,Xã,Hưng Yên
12583,Tân Tiến,Xã,Hưng Yên
12919,Tây Thái Ninh,Xã,Hưng Yên
12850,Tây Thụy Anh,Xã,Hưng Yên
13039,Tây Tiền Hải,Xã,Hưng Yên
13225,Thái Bình,Phường,Hưng Yên
12922,Thái Ninh,Xã,Hưng Yên
12826,Thái Thụy,Xã,Hưng Yên
12631,Thần Khê,Xã,Hưng Yên
13222,Thư Trì,Xã,Hưng Yên
13264,Thư Vũ,Xã,Hưng Yên
12127,Thượng Hồng,Phường,Hưng Yên
12865,Thụy Anh,Xã,Hưng Yên
12970,Tiền Hải,Xã,Hưng Yên
12361,Tiên Hoa,Xã,Hưng Yên
12754,Tiên Hưng,Xã,Hưng Yên
12634,Tiên La,Xã,Hưng Yên
12364,Tiên Lữ,Xã,Hưng Yên
12424,Tiên Tiến,Xã,Hưng Yên
12427,Tống Trân,Xã,Hưng Yên
13093,Trà Giang,Xã,Hưng Yên
12817,Trà Lý,Phường,Hưng Yên
12452,Trần Hưng Đạo,Phường,Hưng Yên
12454,Trần Lãm,Phường,Hưng Yên
12223,Triệu Việt Vương,Xã,Hưng Yên
12019,Văn Giang,Xã,Hưng Yên
13219,Vạn Xuân,Xã,Hưng Yên
12238,Việt Tiến,Xã,Hưng Yên
12091,Việt Yên,Xã,Hưng Yên
12466,Vũ Phúc,Phường,Hưng Yên
13141,Vũ Quý,Xã,Hưng Yên
13192,Vũ Thư,Xã,Hưng Yên
13279,Vũ Tiên,Xã,Hưng Yên
12166,Xuân Trúc,Xã,Hưng Yên
12073,Yên Mỹ,Xã,Hưng Yên
13579,Bắc Lý,Xã,Ninh Bình
13540,Bình An,Xã,Ninh Bình
13531,Bình Giang,Xã,Ninh Bình
13504,Bình Lục,Xã,Ninh Bình
14623,Bình Minh,Xã,Ninh Bình
13501,Bình Mỹ,Xã,Ninh Bình
13558,Bình Sơn,Xã,Ninh Bình
14056,Cát Thành,Xã,Ninh Bình
14653,Chất Bình,Xã,Ninh Bình
13318,Châu Sơn,Phường,Ninh Bình
14026,Cổ Lễ,Xã,Ninh Bình
14404,Cúc Phương,Xã,Ninh Bình
14500,Đại Hoàng,Xã,Ninh Bình
14677,Định Hóa,Xã,Ninh Bình
13693,Đông A,Phường,Ninh Bình
14566,Đông Hoa Lư,Phường,Ninh Bình
14746,Đồng Thái,Xã,Ninh Bình
13900,Đồng Thịnh,Xã,Ninh Bình
13348,Đồng Văn,Phường,Ninh Bình
13336,Duy Hà,Phường,Ninh Bình
13330,Duy Tân,Phường,Ninh Bình
13324,Duy Tiên,Phường,Ninh Bình
14482,Gia Hưng,Xã,Ninh Bình
14389,Gia Lâm,Xã,Ninh Bình
14524,Gia Phong,Xã,Ninh Bình
14494,Gia Trấn,Xã,Ninh Bình
14401,Gia Tường,Xã,Ninh Bình
14488,Gia Vân,Xã,Ninh Bình
14464,Gia Viễn,Xã,Ninh Bình
14194,Giao Bình,Xã,Ninh Bình
14182,Giao Hòa,Xã,Ninh Bình
14179,Giao Hưng,Xã,Ninh Bình
14161,Giao Minh,Xã,Ninh Bình
14212,Giao Ninh,Xã,Ninh Bình
14203,Giao Phúc,Xã,Ninh Bình
14167,Giao Thuỷ,Xã,Ninh Bình
13366,Hà Nam,Phường,Ninh Bình
14281,Hải An,Xã,Ninh Bình
14236,Hải Anh,Xã,Ninh Bình
14215,Hải Hậu,Xã,Ninh Bình
14248,Hải Hưng,Xã,Ninh Bình
14287,Hải Quang,Xã,Ninh Bình
14221,Hải Thịnh,Xã,Ninh Bình
14218,Hải Tiến,Xã,Ninh Bình
14308,Hải Xuân,Xã,Ninh Bình
13753,Hiển Khánh,Xã,Ninh Bình
14329,Hoa Lư,Phường,Ninh Bình
13927,Hồng Phong,Xã,Ninh Bình
13984,Hồng Quang,Phường,Ninh Bình
14614,Khánh Hội,Xã,Ninh Bình
14611,Khánh Nhạc,Xã,Ninh Bình
14563,Khánh Thiện,Xã,Ninh Bình
14608,Khánh Trung,Xã,Ninh Bình
13384,Kim Bảng,Phường,Ninh Bình
14698,Kim Đông,Xã,Ninh Bình
14638,Kim Sơn,Xã,Ninh Bình
13402,Kim Thanh,Phường,Ninh Bình
14674,Lai Thành,Xã,Ninh Bình
13393,Lê Hồ,Phường,Ninh Bình
13456,Liêm Hà,Xã,Ninh Bình
13444,Liêm Tuyền,Phường,Ninh Bình
13786,Liên Minh,Xã,Ninh Bình
13573,Lý Nhân,Xã,Ninh Bình
13435,Lý Thường Kiệt,Phường,Ninh Bình
13750,Minh Tân,Xã,Ninh Bình
14071,Minh Thái,Xã,Ninh Bình
13708,Mỹ Lộc,Phường,Ninh Bình
13669,Nam Định,Phường,Ninh Bình
14014,Nam Đồng,Xã,Ninh Bình
14359,Nam Hoa Lư,Phường,Ninh Bình
13987,Nam Hồng,Xã,Ninh Bình
13627,Nam Lý,Xã,Ninh Bình
14011,Nam Minh,Xã,Ninh Bình
14005,Nam Ninh,Xã,Ninh Bình
13966,Nam Trực,Xã,Ninh Bình
13591,Nam Xang,Xã,Ninh Bình
13891,Nghĩa Hưng,Xã,Ninh Bình
13957,Nghĩa Lâm,Xã,Ninh Bình
13918,Nghĩa Sơn,Xã,Ninh Bình
13396,Nguyễn Uý,Phường,Ninh Bình
13609,Nhân Hà,Xã,Ninh Bình
14428,Nho Quan,Xã,Ninh Bình
14077,Ninh Cường,Xã,Ninh Bình
14038,Ninh Giang,Xã,Ninh Bình
14620,Phát Diệm,Xã,Ninh Bình
13822,Phong Doanh,Xã,Ninh Bình
14458,Phú Long,Xã,Ninh Bình
13285,Phủ Lý,Phường,Ninh Bình
14407,Phú Sơn,Xã,Ninh Bình
13291,Phù Vân,Phường,Ninh Bình
14062,Quang Hưng,Xã,Ninh Bình
14647,Quang Thiện,Xã,Ninh Bình
13939,Quỹ Nhất,Xã,Ninh Bình
14452,Quỳnh Lưu,Xã,Ninh Bình
13894,Rạng Đông,Xã,Ninh Bình
13420,Tam Chúc,Phường,Ninh Bình
14362,Tam Điệp,Phường,Ninh Bình
13807,Tân Minh,Xã,Ninh Bình
13474,Tân Thanh,Xã,Ninh Bình
14533,Tây Hoa Lư,Phường,Ninh Bình
13483,Thanh Bình,Xã,Ninh Bình
13489,Thanh Lâm,Xã,Ninh Bình
13495,Thanh Liêm,Xã,Ninh Bình
13699,Thành Nam,Phường,Ninh Bình
14434,Thanh Sơn,Xã,Ninh Bình
13684,Thiên Trường,Phường,Ninh Bình
13363,Tiên Sơn,Phường,Ninh Bình
13594,Trần Thương,Xã,Ninh Bình
14053,Trực Ninh,Xã,Ninh Bình
14365,Trung Sơn,Phường,Ninh Bình
13777,Trường Thi,Phường,Ninh Bình
13864,Vạn Thắng,Xã,Ninh Bình
13972,Vị Khê,Phường,Ninh Bình
13597,Vĩnh Trụ,Xã,Ninh Bình
13741,Vụ Bản,Xã,Ninh Bình
13834,Vũ Dương,Xã,Ninh Bình
14104,Xuân Giang,Xã,Ninh Bình
14095,Xuân Hồng,Xã,Ninh Bình
14122,Xuân Hưng,Xã,Ninh Bình
14089,Xuân Trường,Xã,Ninh Bình
13795,Ý Yên,Xã,Ninh Bình
13870,Yên Cường,Xã,Ninh Bình
13879,Yên Đồng,Xã,Ninh Bình
14560,Yên Khánh,Xã,Ninh Bình
14743,Yên Mạc,Xã,Ninh Bình
14701,Yên Mô,Xã,Ninh Bình
14371,Yên Sơn,Phường,Ninh Bình
14725,Yên Thắng,Phường,Ninh Bình
14728,Yên Từ,Xã,Ninh Bình
15766,An Nông,Xã,Thanh Hóa
16171,Ba Đình,Xã,Thanh Hóa
14923,Bá Thước,Xã,Thanh Hóa
15607,Bát Mọt,Xã,Thanh Hóa
15382,Biện Thượng,Xã,Thanh Hóa
14812,Bỉm Sơn,Phường,Thanh Hóa
16591,Các Sơn,Xã,Thanh Hóa
15178,Cẩm Tân,Xã,Thanh Hóa
15142,Cẩm Thạch,Xã,Thanh Hóa
15127,Cẩm Thủy,Xã,Thanh Hóa
15148,Cẩm Tú,Xã,Thanh Hóa
15163,Cẩm Vân,Xã,Thanh Hóa
14959,Cổ Lũng,Xã,Thanh Hóa
16369,Công Chính,Xã,Thanh Hóa
16609,Đào Duy Từ,Phường,Thanh Hóa
14950,Điền Lư,Xã,Thanh Hóa
14932,Điền Quang,Xã,Thanh Hóa
15448,Định Hòa,Xã,Thanh Hóa
15457,Định Tân,Xã,Thanh Hóa
15058,Đồng Lương,Xã,Thanh Hóa
16417,Đông Quang,Phường,Thanh Hóa
16378,Đông Sơn,Phường,Thanh Hóa
16033,Đông Thành,Xã,Thanh Hóa
15853,Đông Tiến,Phường,Thanh Hóa
15724,Đồng Tiến,Xã,Thanh Hóa
15043,Giao An,Xã,Thanh Hóa
15274,Hà Long,Xã,Thanh Hóa
15271,Hà Trung,Xã,Thanh Hóa
14797,Hạc Thành,Phường,Thanh Hóa
16645,Hải Bình,Phường,Thanh Hóa
16597,Hải Lĩnh,Phường,Thanh Hóa
14758,Hàm Rồng,Phường,Thanh Hóa
16012,Hậu Lộc,Xã,Thanh Hóa
14896,Hiền Kiệt,Xã,Thanh Hóa
16138,Hồ Vương,Xã,Thanh Hóa
16072,Hoa Lộc,Xã,Thanh Hóa
16186,Hóa Quỳ,Xã,Thanh Hóa
15976,Hoằng Châu,Xã,Thanh Hóa
15880,Hoằng Giang,Xã,Thanh Hóa
15865,Hoằng Hóa,Xã,Thanh Hóa
15961,Hoằng Lộc,Xã,Thanh Hóa
15889,Hoằng Phú,Xã,Thanh Hóa
15910,Hoằng Sơn,Xã,Thanh Hóa
16000,Hoằng Thanh,Xã,Thanh Hóa
15991,Hoằng Tiến,Xã,Thanh Hóa
15286,Hoạt Giang,Xã,Thanh Hóa
14869,Hồi Xuân,Xã,Thanh Hóa
15682,Hợp Tiến,Xã,Thanh Hóa
15112,Kiên Thọ,Xã,Thanh Hóa
15187,Kim Tân,Xã,Thanh Hóa
15544,Lam Sơn,Xã,Thanh Hóa
15055,Linh Sơn,Xã,Thanh Hóa
15298,Lĩnh Toại,Xã,Thanh Hóa
15634,Luận Thành,Xã,Thanh Hóa
15628,Lương Sơn,Xã,Thanh Hóa
16438,Lưu Vệ,Xã,Thanh Hóa
16249,Mậu Lâm,Xã,Thanh Hóa
15124,Minh Sơn,Xã,Thanh Hóa
14866,Mường Chanh,Xã,Thanh Hóa
14845,Mường Lát,Xã,Thanh Hóa
14854,Mường Lý,Xã,Thanh Hóa
15025,Mường Mìn,Xã,Thanh Hóa
15013,Na Mèo,Xã,Thanh Hóa
16516,Nam Sầm Sơn,Phường,Thanh Hóa
14902,Nam Xuân,Xã,Thanh Hóa
16144,Nga An,Xã,Thanh Hóa
16093,Nga Sơn,Xã,Thanh Hóa
16114,Nga Thắng,Xã,Thanh Hóa
16654,Nghi Sơn,Phường,Thanh Hóa
15061,Ngọc Lặc,Xã,Thanh Hóa
15091,Ngọc Liên,Xã,Thanh Hóa
16576,Ngọc Sơn,Phường,Thanh Hóa
15250,Ngọc Trạo,Xã,Thanh Hóa
15106,Nguyệt Ấn,Xã,Thanh Hóa
15925,Nguyệt Viên,Phường,Thanh Hóa
14864,Nhi Sơn,Xã,Thanh Hóa
16228,Như Thanh,Xã,Thanh Hóa
16174,Như Xuân,Xã,Thanh Hóa
16279,Nông Cống,Xã,Thanh Hóa
14878,Phú Lệ,Xã,Thanh Hóa
14890,Phú Xuân,Xã,Thanh Hóa
14956,Pù Luông,Xã,Thanh Hóa
14863,Pù Nhi,Xã,Thanh Hóa
15016,Quan Sơn,Xã,Thanh Hóa
16543,Quảng Bình,Xã,Thanh Hóa
14860,Quang Chiểu,Xã,Thanh Hóa
16489,Quảng Chính,Xã,Thanh Hóa
16498,Quảng Ngọc,Xã,Thanh Hóa
16540,Quảng Ninh,Xã,Thanh Hóa
16522,Quảng Phú,Phường,Thanh Hóa
14818,Quang Trung,Phường,Thanh Hóa
16480,Quảng Yên,Xã,Thanh Hóa
15412,Quý Lộc,Xã,Thanh Hóa
14953,Quý Lương,Xã,Thanh Hóa
16531,Sầm Sơn,Phường,Thanh Hóa
15553,Sao Vàng,Xã,Thanh Hóa
15022,Sơn Điện,Xã,Thanh Hóa
15010,Sơn Thủy,Xã,Thanh Hóa
14848,Tam Chung,Xã,Thanh Hóa
15019,Tam Lư,Xã,Thanh Hóa
15007,Tam Thanh,Xã,Thanh Hóa
16594,Tân Dân,Phường,Thanh Hóa
15715,Tân Ninh,Xã,Thanh Hóa
15661,Tân Thành,Xã,Thanh Hóa
16108,Tân Tiến,Xã,Thanh Hóa
15361,Tây Đô,Xã,Thanh Hóa
15211,Thạch Bình,Xã,Thanh Hóa
15085,Thạch Lập,Xã,Thanh Hóa
15199,Thạch Quảng,Xã,Thanh Hóa
16342,Thăng Bình,Xã,Thanh Hóa
15643,Thắng Lộc,Xã,Thanh Hóa
16309,Thắng Lợi,Xã,Thanh Hóa
16273,Thanh Kỳ,Xã,Thanh Hóa
16213,Thanh Phong,Xã,Thanh Hóa
16222,Thanh Quân,Xã,Thanh Hóa
15229,Thành Vinh,Xã,Thanh Hóa
14908,Thiên Phủ,Xã,Thanh Hóa
14980,Thiết Ống,Xã,Thanh Hóa
15772,Thiệu Hóa,Xã,Thanh Hóa
15796,Thiệu Quang,Xã,Thanh Hóa
15778,Thiệu Tiến,Xã,Thanh Hóa
15820,Thiệu Toán,Xã,Thanh Hóa
15835,Thiệu Trung,Xã,Thanh Hóa
15667,Thọ Bình,Xã,Thanh Hóa
15568,Thọ Lập,Xã,Thanh Hóa
15505,Thọ Long,Xã,Thanh Hóa
15754,Thọ Ngọc,Xã,Thanh Hóa
15763,Thọ Phú,Xã,Thanh Hóa
15499,Thọ Xuân,Xã,Thanh Hóa
16225,Thượng Ninh,Xã,Thanh Hóa
15646,Thường Xuân,Xã,Thanh Hóa
16549,Tiên Trang,Xã,Thanh Hóa
16561,Tĩnh Gia,Phường,Thanh Hóa
15316,Tống Sơn,Xã,Thanh Hóa
16021,Triệu Lộc,Xã,Thanh Hóa
15664,Triệu Sơn,Xã,Thanh Hóa
16624,Trúc Lâm,Phường,Thanh Hóa
16297,Trung Chính,Xã,Thanh Hóa
15001,Trung Hạ,Xã,Thanh Hóa
14857,Trung Lý,Xã,Thanh Hóa
14875,Trung Sơn,Xã,Thanh Hóa
14872,Trung Thành,Xã,Thanh Hóa
16636,Trường Lâm,Xã,Thanh Hóa
16348,Trường Văn,Xã,Thanh Hóa
16363,Tượng Lĩnh,Xã,Thanh Hóa
15190,Vân Du,Xã,Thanh Hóa
16078,Vạn Lộc,Xã,Thanh Hóa
14974,Văn Nho,Xã,Thanh Hóa
15049,Văn Phú,Xã,Thanh Hóa
15622,Vạn Xuân,Xã,Thanh Hóa
15349,Vĩnh Lộc,Xã,Thanh Hóa
16177,Xuân Bình,Xã,Thanh Hóa
15658,Xuân Chinh,Xã,Thanh Hóa
16234,Xuân Du,Xã,Thanh Hóa
15520,Xuân Hòa,Xã,Thanh Hóa
15592,Xuân Lập,Xã,Thanh Hóa
16258,Xuân Thái,Xã,Thanh Hóa
15574,Xuân Tín,Xã,Thanh Hóa
15469,Yên Định,Xã,Thanh Hóa
15031,Yên Khương,Xã,Thanh Hóa
15610,Yên Nhân,Xã,Thanh Hóa
15442,Yên Ninh,Xã,Thanh Hóa
15409,Yên Phú,Xã,Thanh Hóa
15034,Yên Thắng,Xã,Thanh Hóa
16264,Yên Thọ,Xã,Thanh Hóa
15421,Yên Trường,Xã,Thanh Hóa
17479,An Châu,Xã,Nghệ An
17329,Anh Sơn,Xã,Nghệ An
17365,Anh Sơn Đông,Xã,Nghệ An
16819,Bắc Lý,Xã,Nghệ An
17707,Bạch Hà,Xã,Nghệ An
17623,Bạch Ngọc,Xã,Nghệ An
17818,Bích Hào,Xã,Nghệ An
17230,Bình Chuẩn,Xã,Nghệ An
17515,Bình Minh,Xã,Nghệ An
17242,Cam Phục,Xã,Nghệ An
17728,Cát Ngạn,Xã,Nghệ An
16804,Châu Bình,Xã,Nghệ An
17044,Châu Hồng,Xã,Nghệ An
17248,Châu Khê,Xã,Nghệ An
17056,Châu Lộc,Xã,Nghệ An
16792,Châu Tiến,Xã,Nghệ An
16855,Chiêu Lưu,Xã,Nghệ An
17254,Con Cuông,Xã,Nghệ An
16732,Cửa Lò,Phường,Nghệ An
17713,Đại Đồng,Xã,Nghệ An
17944,Đại Huệ,Xã,Nghệ An
17464,Diễn Châu,Xã,Nghệ An
17662,Đô Lương,Xã,Nghệ An
17017,Đông Hiếu,Xã,Nghệ An
17878,Đông Lộc,Xã,Nghệ An
17530,Đông Thành,Xã,Nghệ An
17416,Đức Châu,Xã,Nghệ An
17524,Giai Lạc,Xã,Nghệ An
17278,Giai Xuân,Xã,Nghệ An
17419,Hải Châu,Xã,Nghệ An
17833,Hải Lộc,Xã,Nghệ An
17722,Hạnh Lâm,Xã,Nghệ An
17770,Hoa Quân,Xã,Nghệ An
17110,Hoàng Mai,Phường,Nghệ An
17605,Hợp Minh,Xã,Nghệ An
16801,Hùng Chân,Xã,Nghệ An
17395,Hùng Châu,Xã,Nghệ An
18001,Hưng Nguyên,Xã,Nghệ An
18028,Hưng Nguyên Nam,Xã,Nghệ An
16828,Huồi Tụ,Xã,Nghệ An
16885,Hữu Khuông,Xã,Nghệ An
16849,Hữu Kiệm,Xã,Nghệ An
16822,Keng Đu,Xã,Nghệ An
17791,Kim Bảng,Xã,Nghệ An
17971,Kim Liên,Xã,Nghệ An
18040,Lam Thành,Xã,Nghệ An
16906,Lượng Minh,Xã,Nghệ An
17641,Lương Sơn,Xã,Nghệ An
17239,Mậu Thạch,Xã,Nghệ An
17476,Minh Châu,Xã,Nghệ An
17071,Minh Hợp,Xã,Nghệ An
17263,Môn Sơn,Xã,Nghệ An
17089,Mường Chọng,Xã,Nghệ An
17077,Mường Ham,Xã,Nghệ An
16831,Mường Lống,Xã,Nghệ An
16774,Mường Quàng,Xã,Nghệ An
16858,Mường Típ,Xã,Nghệ An
16813,Mường Xén,Xã,Nghệ An
16816,Mỹ Lý,Xã,Nghệ An
16834,Na Loi,Xã,Nghệ An
16870,Na Ngoi,Xã,Nghệ An
16837,Nậm Cắn,Xã,Nghệ An
17935,Nam Đàn,Xã,Nghệ An
16903,Nga My,Xã,Nghệ An
17827,Nghi Lộc,Xã,Nghệ An
16941,Nghĩa Đàn,Xã,Nghệ An
17284,Nghĩa Đồng,Xã,Nghệ An
17326,Nghĩa Hành,Xã,Nghệ An
16972,Nghĩa Hưng,Xã,Nghệ An
17032,Nghĩa Khánh,Xã,Nghệ An
16951,Nghĩa Lâm,Xã,Nghệ An
17029,Nghĩa Lộc,Xã,Nghệ An
16975,Nghĩa Mai,Xã,Nghệ An
16969,Nghĩa Thọ,Xã,Nghệ An
17344,Nhân Hòa,Xã,Nghệ An
16882,Nhôn Mai,Xã,Nghệ An
17857,Phúc Lộc,Xã,Nghệ An
17569,Quan Thành,Xã,Nghệ An
17443,Quảng Châu,Xã,Nghệ An
17521,Quang Đồng,Xã,Nghệ An
16738,Quế Phong,Xã,Nghệ An
16777,Quỳ Châu,Xã,Nghệ An
17035,Quỳ Hợp,Xã,Nghệ An
17176,Quỳnh Anh,Xã,Nghệ An
17179,Quỳnh Lưu,Xã,Nghệ An
17125,Quỳnh Mai,Phường,Nghệ An
17212,Quỳnh Phú,Xã,Nghệ An
17170,Quỳnh Sơn,Xã,Nghệ An
17149,Quỳnh Tam,Xã,Nghệ An
17224,Quỳnh Thắng,Xã,Nghệ An
17143,Quỳnh Văn,Xã,Nghệ An
17759,Sơn Lâm,Xã,Nghệ An
17743,Tam Đồng,Xã,Nghệ An
17059,Tam Hợp,Xã,Nghệ An
16933,Tam Quang,Xã,Nghệ An
16936,Tam Thái,Xã,Nghệ An
17305,Tân An,Xã,Nghệ An
17488,Tân Châu,Xã,Nghệ An
17266,Tân Kỳ,Xã,Nghệ An
17128,Tân Mai,Phường,Nghệ An
17272,Tân Phú,Xã,Nghệ An
17011,Tây Hiếu,Phường,Nghệ An
16939,Thái Hòa,Phường,Nghệ An
17842,Thần Lĩnh,Xã,Nghệ An
17335,Thành Bình Thọ,Xã,Nghệ An
16681,Thành Vinh,Phường,Nghệ An
17989,Thiên Nhẫn,Xã,Nghệ An
16744,Thông Thụ,Xã,Nghệ An
17689,Thuần Trung,Xã,Nghệ An
17287,Tiên Đồng,Xã,Nghệ An
16750,Tiền Phong,Xã,Nghệ An
16756,Tri Lễ,Xã,Nghệ An
17866,Trung Lộc,Xã,Nghệ An
16690,Trường Vinh,Phường,Nghệ An
16876,Tương Dương,Xã,Nghệ An
17950,Vạn An,Xã,Nghệ An
17560,Vân Du,Xã,Nghệ An
17677,Văn Hiến,Xã,Nghệ An
17854,Văn Kiều,Xã,Nghệ An
17611,Vân Tụ,Xã,Nghệ An
17920,Vinh Hưng,Phường,Nghệ An
16708,Vinh Lộc,Phường,Nghệ An
16702,Vinh Phú,Phường,Nghệ An
17357,Vĩnh Tường,Xã,Nghệ An
17779,Xuân Lâm,Xã,Nghệ An
16909,Yên Hòa,Xã,Nghệ An
16912,Yên Na,Xã,Nghệ An
17506,Yên Thành,Xã,Nghệ An
18007,Yên Trung,Xã,Nghệ An
17380,Yên Xuân,Xã,Nghệ An
18115,Bắc Hồng Lĩnh,Phường,Hà Tĩnh
18685,Cẩm Bình,Xã,Hà Tĩnh
18739,Cẩm Duệ,Xã,Hà Tĩnh
18736,Cẩm Hưng,Xã,Hà Tĩnh
18748,Cẩm Lạc,Xã,Hà Tĩnh
18742,Cẩm Trung,Xã,Hà Tĩnh
18673,Cẩm Xuyên,Xã,Hà Tĩnh
18406,Can Lộc,Xã,Hà Tĩnh
18394,Cổ Đạm,Xã,Hà Tĩnh
18364,Đan Hải,Xã,Hà Tĩnh
18586,Đông Kinh,Xã,Hà Tĩnh
18484,Đồng Lộc,Xã,Hà Tĩnh
18619,Đồng Tiến,Xã,Hà Tĩnh
18304,Đức Đồng,Xã,Hà Tĩnh
18244,Đức Minh,Xã,Hà Tĩnh
18262,Đức Quang,Xã,Hà Tĩnh
18277,Đức Thịnh,Xã,Hà Tĩnh
18229,Đức Thọ,Xã,Hà Tĩnh
18466,Gia Hanh,Xã,Hà Tĩnh
18652,Hà Huy Tập,Phường,Hà Tĩnh
18502,Hà Linh,Xã,Hà Tĩnh
18781,Hải Ninh,Phường,Hà Tĩnh
18832,Hoành Sơn,Phường,Hà Tĩnh
18409,Hồng Lộc,Xã,Hà Tĩnh
18523,Hương Bình,Xã,Hà Tĩnh
18550,Hương Đô,Xã,Hà Tĩnh
18496,Hương Khê,Xã,Hà Tĩnh
18532,Hương Phố,Xã,Hà Tĩnh
18133,Hương Sơn,Xã,Hà Tĩnh
18544,Hương Xuân,Xã,Hà Tĩnh
18223,Kim Hoa,Xã,Hà Tĩnh
18775,Kỳ Anh,Xã,Hà Tĩnh
18814,Kỳ Hoa,Xã,Hà Tĩnh
18790,Kỳ Khang,Xã,Hà Tĩnh
18838,Kỳ Lạc,Xã,Hà Tĩnh
18844,Kỳ Thượng,Xã,Hà Tĩnh
18787,Kỳ Văn,Xã,Hà Tĩnh
18766,Kỳ Xuân,Xã,Hà Tĩnh
18568,Lộc Hà,Xã,Hà Tĩnh
18322,Mai Hoa,Xã,Hà Tĩnh
18583,Mai Phụ,Xã,Hà Tĩnh
18118,Nam Hồng Lĩnh,Phường,Hà Tĩnh
18352,Nghi Xuân,Xã,Hà Tĩnh
18547,Phúc Trạch,Xã,Hà Tĩnh
18184,Sơn Giang,Xã,Hà Tĩnh
18160,Sơn Hồng,Xã,Hà Tĩnh
18196,Sơn Kim 1,Xã,Hà Tĩnh
18199,Sơn Kim 2,Xã,Hà Tĩnh
18172,Sơn Tây,Xã,Hà Tĩnh
18163,Sơn Tiến,Xã,Hà Tĩnh
18754,Sông Trí,Phường,Hà Tĩnh
18562,Thạch Hà,Xã,Hà Tĩnh
18604,Thạch Khê,Xã,Hà Tĩnh
18628,Thạch Lạc,Xã,Hà Tĩnh
18667,Thạch Xuân,Xã,Hà Tĩnh
18073,Thành Sen,Phường,Hà Tĩnh
18676,Thiên Cầm,Xã,Hà Tĩnh
18328,Thượng Đức,Xã,Hà Tĩnh
18373,Tiên Điền,Xã,Hà Tĩnh
18634,Toàn Lưu,Xã,Hà Tĩnh
18100,Trần Phú,Phường,Hà Tĩnh
18436,Trường Lưu,Xã,Hà Tĩnh
18202,Tứ Mỹ,Xã,Hà Tĩnh
18418,Tùng Lộc,Xã,Hà Tĩnh
18601,Việt Xuyên,Xã,Hà Tĩnh
18313,Vũ Quang,Xã,Hà Tĩnh
18823,Vũng Áng,Phường,Hà Tĩnh
18481,Xuân Lộc,Xã,Hà Tĩnh
18682,Yên Hòa,Xã,Hà Tĩnh
19483,A Dơi,Xã,Quảng Trị
19669,Ái Tử,Xã,Quảng Trị
19009,Ba Đồn,Phường,Quảng Trị
19567,Ba Lòng,Xã,Quảng Trị
19066,Bắc Gianh,Phường,Quảng Trị
19126,Bắc Trạch,Xã,Quảng Trị
19501,Bến Hải,Xã,Quảng Trị
19366,Bến Quan,Xã,Quảng Trị
19141,Bố Trạch,Xã,Quảng Trị
19255,Cam Hồng,Xã,Quảng Trị
19597,Cam Lộ,Xã,Quảng Trị
19742,Cồn Cỏ,Đặc khu,Quảng Trị
19537,Cồn Tiên,Xã,Quảng Trị
19414,Cửa Tùng,Xã,Quảng Trị
19496,Cửa Việt,Xã,Quảng Trị
19564,Đakrông,Xã,Quảng Trị
18904,Dân Hóa,Xã,Quảng Trị
19681,Diên Sanh,Xã,Quảng Trị
19333,Đông Hà,Phường,Quảng Trị
18880,Đồng Hới,Phường,Quảng Trị
18949,Đồng Lê,Xã,Quảng Trị
18871,Đồng Sơn,Phường,Quảng Trị
18859,Đồng Thuận,Phường,Quảng Trị
19159,Đông Trạch,Xã,Quảng Trị
19495,Gio Linh,Xã,Quảng Trị
19702,Hải Lăng,Xã,Quảng Trị
19603,Hiếu Giang,Xã,Quảng Trị
19033,Hòa Trạch,Xã,Quảng Trị
19111,Hoàn Lão,Xã,Quảng Trị
19555,Hướng Hiệp,Xã,Quảng Trị
19435,Hướng Lập,Xã,Quảng Trị
19441,Hướng Phùng,Xã,Quảng Trị
19429,Khe Sanh,Xã,Quảng Trị
18922,Kim Điền,Xã,Quảng Trị
19318,Kim Ngân,Xã,Quảng Trị
18943,Kim Phú,Xã,Quảng Trị
19594,La Lay,Xã,Quảng Trị
19432,Lao Bảo,Xã,Quảng Trị
19246,Lệ Ninh,Xã,Quảng Trị
19249,Lệ Thủy,Xã,Quảng Trị
19489,Lìa,Xã,Quảng Trị
18901,Minh Hóa,Xã,Quảng Trị
19741,Mỹ Thủy,Xã,Quảng Trị
19075,Nam Ba Đồn,Xã,Quảng Trị
19639,Nam Cửa Việt,Xã,Quảng Trị
19351,Nam Đông Hà,Phường,Quảng Trị
19093,Nam Gianh,Xã,Quảng Trị
19735,Nam Hải Lăng,Xã,Quảng Trị
19198,Nam Trạch,Xã,Quảng Trị
19225,Ninh Châu,Xã,Quảng Trị
19138,Phong Nha,Xã,Quảng Trị
19021,Phú Trạch,Xã,Quảng Trị
19207,Quảng Ninh,Xã,Quảng Trị
19057,Quảng Trạch,Xã,Quảng Trị
19360,Quảng Trị,Phường,Quảng Trị
19288,Sen Ngư,Xã,Quảng Trị
19588,Tà Rụt,Xã,Quảng Trị
19051,Tân Gianh,Xã,Quảng Trị
19462,Tân Lập,Xã,Quảng Trị
19291,Tân Mỹ,Xã,Quảng Trị
18919,Tân Thành,Xã,Quảng Trị
19147,Thượng Trạch,Xã,Quảng Trị
19645,Triệu Bình,Xã,Quảng Trị
19654,Triệu Cơ,Xã,Quảng Trị
19624,Triệu Phong,Xã,Quảng Trị
19030,Trung Thuần,Xã,Quảng Trị
19237,Trường Ninh,Xã,Quảng Trị
19309,Trường Phú,Xã,Quảng Trị
19204,Trường Sơn,Xã,Quảng Trị
18991,Tuyên Bình,Xã,Quảng Trị
18997,Tuyên Hóa,Xã,Quảng Trị
18958,Tuyên Lâm,Xã,Quảng Trị
18985,Tuyên Phú,Xã,Quảng Trị
18952,Tuyên Sơn,Xã,Quảng Trị
19699,Vĩnh Định,Xã,Quảng Trị
19372,Vĩnh Hoàng,Xã,Quảng Trị
19363,Vĩnh Linh,Xã,Quảng Trị
19405,Vĩnh Thủy,Xã,Quảng Trị
20056,A Lưới 1,Xã,Huế
20044,A Lưới 2,Xã,Huế
20071,A Lưới 3,Xã,Huế
20101,A Lưới 4,Xã,Huế
20050,A Lưới 5,Xã,Huế
19815,An Cựu,Phường,Huế
20035,Bình Điền,Xã,Huế
20137,Chân Mây - Lăng Cô,Xã,Huế
19885,Đan Điền,Xã,Huế
19909,Dương Nỗ,Phường,Huế
20014,Hóa Châu,Phường,Huế
20131,Hưng Lộc,Xã,Huế
19804,Hương An,Phường,Huế
19975,Hương Thủy,Phường,Huế
19996,Hương Trà,Phường,Huế
20161,Khe Tre,Xã,Huế
19774,Kim Long,Phường,Huế
20017,Kim Trà,Phường,Huế
20140,Lộc An,Xã,Huế
20182,Long Quảng,Xã,Huế
19930,Mỹ Thượng,Phường,Huế
20179,Nam Đông,Xã,Huế
19819,Phong Điền,Phường,Huế
19831,Phong Dinh,Phường,Huế
19828,Phong Phú,Phường,Huế
19873,Phong Quảng,Phường,Huế
19858,Phong Thái,Phường,Huế
19960,Phú Bài,Phường,Huế
19918,Phú Hồ,Xã,Huế
20107,Phú Lộc,Xã,Huế
19942,Phú Vang,Xã,Huế
19945,Phú Vinh,Xã,Huế
19753,Phú Xuân,Phường,Huế
19867,Quảng Điền,Xã,Huế
19969,Thanh Thủy,Phường,Huế
19900,Thuận An,Phường,Huế
19789,Thuận Hóa,Phường,Huế
19813,Thủy Xuân,Phường,Huế
20122,Vinh Lộc,Xã,Huế
19777,Vỹ Dạ,Phường,Huế
20275,An Hải,Phường,Đà Nẵng
20305,An Khê,Phường,Đà Nẵng
20575,An Thắng,Phường,Đà Nẵng
20458,Avương,Xã,Đà Nẵng
20308,Bà Nà,Xã,Đà Nẵng
20335,Bàn Thạch,Phường,Đà Nẵng
20710,Bến Giằng,Xã,Đà Nẵng
20494,Bến Hiên,Xã,Đà Nẵng
20260,Cẩm Lệ,Phường,Đà Nẵng
20364,Chiên Đàn,Xã,Đà Nẵng
20716,Đắc Pring,Xã,Đà Nẵng
20500,Đại Lộc,Xã,Đà Nẵng
20551,Điện Bàn,Phường,Đà Nẵng
20557,Điện Bàn Bắc,Phường,Đà Nẵng
20579,Điện Bàn Đông,Phường,Đà Nẵng
20569,Điện Bàn Tây,Xã,Đà Nẵng
20818,Đồng Dương,Xã,Đà Nẵng
20467,Đông Giang,Xã,Đà Nẵng
20977,Đức Phú,Xã,Đà Nẵng
20635,Duy Nghĩa,Xã,Đà Nẵng
20623,Duy Xuyên,Xã,Đà Nẵng
20587,Gò Nổi,Xã,Đà Nẵng
20515,Hà Nha,Xã,Đà Nẵng
20242,Hải Châu,Phường,Đà Nẵng
20194,Hải Vân,Phường,Đà Nẵng
20779,Hiệp Đức,Xã,Đà Nẵng
20257,Hòa Cường,Phường,Đà Nẵng
20200,Hòa Khánh,Phường,Đà Nẵng
20332,Hòa Tiến,Xã,Đà Nẵng
20320,Hòa Vang,Xã,Đà Nẵng
20314,Hòa Xuân,Phường,Đà Nẵng
20333,Hoàng Sa,Đặc khu,Đà Nẵng
20410,Hội An,Phường,Đà Nẵng
20413,Hội An Đông,Phường,Đà Nẵng
20401,Hội An Tây,Phường,Đà Nẵng
20443,Hùng Sơn,Xã,Đà Nẵng
20350,Hương Trà,Phường,Đà Nẵng
20722,Khâm Đức,Xã,Đà Nẵng
20704,La Dêê,Xã,Đà Nẵng
20698,La Êê,Xã,Đà Nẵng
20875,Lãnh Ngọc,Xã,Đà Nẵng
20197,Liên Chiểu,Phường,Đà Nẵng
20707,Nam Giang,Xã,Đà Nẵng
20599,Nam Phước,Xã,Đà Nẵng
20944,Nam Trà My,Xã,Đà Nẵng
20285,Ngũ Hành Sơn,Phường,Đà Nẵng
20656,Nông Sơn,Xã,Đà Nẵng
20965,Núi Thành,Xã,Đà Nẵng
20392,Phú Ninh,Xã,Đà Nẵng
20542,Phú Thuận,Xã,Đà Nẵng
20740,Phước Chánh,Xã,Đà Nẵng
20728,Phước Hiệp,Xã,Đà Nẵng
20734,Phước Năng,Xã,Đà Nẵng
20752,Phước Thành,Xã,Đà Nẵng
20770,Phước Trà,Xã,Đà Nẵng
20356,Quảng Phú,Phường,Đà Nẵng
20669,Quế Phước,Xã,Đà Nẵng
20641,Quế Sơn,Xã,Đà Nẵng
20662,Quế Sơn Trung,Xã,Đà Nẵng
20857,Sơn Cẩm Hà,Xã,Đà Nẵng
20263,Sơn Trà,Phường,Đà Nẵng
20476,Sông Kôn,Xã,Đà Nẵng
20485,Sông Vàng,Xã,Đà Nẵng
20984,Tam Anh,Xã,Đà Nẵng
20992,Tam Hải,Xã,Đà Nẵng
20341,Tam Kỳ,Phường,Đà Nẵng
21004,Tam Mỹ,Xã,Đà Nẵng
20971,Tam Xuân,Xã,Đà Nẵng
20434,Tân Hiệp,Xã,Đà Nẵng
20455,Tây Giang,Xã,Đà Nẵng
20380,Tây Hồ,Xã,Đà Nẵng
20794,Thăng An,Xã,Đà Nẵng
20791,Thăng Bình,Xã,Đà Nẵng
20848,Thăng Điền,Xã,Đà Nẵng
20827,Thăng Phú,Xã,Đà Nẵng
20836,Thăng Trường,Xã,Đà Nẵng
20878,Thạnh Bình,Xã,Đà Nẵng
20209,Thanh Khê,Phường,Đà Nẵng
20695,Thạnh Mỹ,Xã,Đà Nẵng
20611,Thu Bồn,Xã,Đà Nẵng
20506,Thượng Đức,Xã,Đà Nẵng
20854,Tiên Phước,Xã,Đà Nẵng
20920,Trà Đốc,Xã,Đà Nẵng
20929,Trà Giáp,Xã,Đà Nẵng
20938,Trà Leng,Xã,Đà Nẵng
20908,Trà Liên,Xã,Đà Nẵng
20950,Trà Linh,Xã,Đà Nẵng
20900,Trà My,Xã,Đà Nẵng
20923,Trà Tân,Xã,Đà Nẵng
20941,Trà Tập,Xã,Đà Nẵng
20959,Trà Vân,Xã,Đà Nẵng
20767,Việt An,Xã,Đà Nẵng
20539,Vu Gia,Xã,Đà Nẵng
20650,Xuân Phú,Xã,Đà Nẵng
21034,An Phú,Xã,Quảng Ngãi
21499,Ba Dinh,Xã,Quảng Ngãi
21496,Ba Động,Xã,Quảng Ngãi
21205,Ba Gia,Xã,Quảng Ngãi
21523,Ba Tô,Xã,Quảng Ngãi
21484,Ba Tơ,Xã,Quảng Ngãi
21529,Ba Vì,Xã,Quảng Ngãi
21490,Ba Vinh,Xã,Quảng Ngãi
21538,Ba Xa,Xã,Quảng Ngãi
21100,Bình Chương,Xã,Quảng Ngãi
21085,Bình Minh,Xã,Quảng Ngãi
21040,Bình Sơn,Xã,Quảng Ngãi
23377,Bờ Y,Xã,Quảng Ngãi
21136,Cà Đam,Xã,Quảng Ngãi
21025,Cẩm Thành,Phường,Quảng Ngãi
23302,Đăk BLa,Phường,Quảng Ngãi
23284,Đăk Cấm,Phường,Quảng Ngãi
23500,Đăk Hà,Xã,Quảng Ngãi
23485,Đăk Kôi,Xã,Quảng Ngãi
23368,Đăk Long,Xã,Quảng Ngãi
23512,Đăk Mar,Xã,Quảng Ngãi
23374,Đăk Môn,Xã,Quảng Ngãi
23341,Đăk Pék,Xã,Quảng Ngãi
23344,Đăk Plô,Xã,Quảng Ngãi
23504,Đăk Pxi,Xã,Quảng Ngãi
23332,Đăk Rơ Wa,Xã,Quảng Ngãi
23479,Đăk Rve,Xã,Quảng Ngãi
23416,Đăk Sao,Xã,Quảng Ngãi
23401,Đăk Tô,Xã,Quảng Ngãi
23419,Đăk Tờ Kan,Xã,Quảng Ngãi
23510,Đăk Ui,Xã,Quảng Ngãi
21520,Đặng Thùy Trâm,Xã,Quảng Ngãi
21385,Đình Cương,Xã,Quảng Ngãi
21109,Đông Sơn,Xã,Quảng Ngãi
21127,Đông Trà Bồng,Xã,Quảng Ngãi
23383,Dục Nông,Xã,Quảng Ngãi
21439,Đức Phổ,Phường,Quảng Ngãi
23326,Ia Chim,Xã,Quảng Ngãi
23535,Ia Đal,Xã,Quảng Ngãi
23538,Ia Tơi,Xã,Quảng Ngãi
21472,Khánh Cường,Xã,Quảng Ngãi
23497,Kon Braih,Xã,Quảng Ngãi
23430,Kon Đào,Xã,Quảng Ngãi
23476,Kon Plông,Xã,Quảng Ngãi
23293,Kon Tum,Phường,Quảng Ngãi
21433,Lân Phong,Xã,Quảng Ngãi
21409,Long Phụng,Xã,Quảng Ngãi
21548,Lý Sơn,Đặc khu,Quảng Ngãi
23455,Măng Bút,Xã,Quảng Ngãi
23473,Măng Đen,Xã,Quảng Ngãi
23446,Măng Ri,Xã,Quảng Ngãi
21361,Minh Long,Xã,Quảng Ngãi
21421,Mỏ Cày,Xã,Quảng Ngãi
21400,Mộ Đức,Xã,Quảng Ngãi
23536,Mô Rai,Xã,Quảng Ngãi
21250,Nghĩa Giang,Xã,Quảng Ngãi
21364,Nghĩa Hành,Xã,Quảng Ngãi
21028,Nghĩa Lộ,Phường,Quảng Ngãi
23365,Ngọc Linh,Xã,Quảng Ngãi
23317,Ngọk Bay,Xã,Quảng Ngãi
23515,Ngọk Réo,Xã,Quảng Ngãi
23428,Ngọk Tụ,Xã,Quảng Ngãi
21457,Nguyễn Nghiêm,Xã,Quảng Ngãi
21370,Phước Giang,Xã,Quảng Ngãi
23530,Rờ Kơi,Xã,Quảng Ngãi
23534,Sa Bình,Xã,Quảng Ngãi
21478,Sa Huỳnh,Phường,Quảng Ngãi
23392,Sa Loong,Xã,Quảng Ngãi
23527,Sa Thầy,Xã,Quảng Ngãi
21289,Sơn Hà,Xã,Quảng Ngãi
21292,Sơn Hạ,Xã,Quảng Ngãi
21325,Sơn Kỳ,Xã,Quảng Ngãi
21307,Sơn Linh,Xã,Quảng Ngãi
21349,Sơn Mai,Xã,Quảng Ngãi
21340,Sơn Tây,Xã,Quảng Ngãi
21343,Sơn Tây Hạ,Xã,Quảng Ngãi
21334,Sơn Tây Thượng,Xã,Quảng Ngãi
21319,Sơn Thủy,Xã,Quảng Ngãi
21220,Sơn Tịnh,Xã,Quảng Ngãi
21154,Tây Trà,Xã,Quảng Ngãi
21157,Tây Trà Bồng,Xã,Quảng Ngãi
21124,Thanh Bồng,Xã,Quảng Ngãi
21388,Thiện Tín,Xã,Quảng Ngãi
21181,Thọ Phong,Xã,Quảng Ngãi
21211,Tịnh Khê,Xã,Quảng Ngãi
21115,Trà Bồng,Xã,Quảng Ngãi
21451,Trà Câu,Phường,Quảng Ngãi
21244,Trà Giang,Xã,Quảng Ngãi
21196,Trường Giang,Xã,Quảng Ngãi
21172,Trương Quang Trọng,Phường,Quảng Ngãi
23425,Tu Mơ Rông,Xã,Quảng Ngãi
21235,Tư Nghĩa,Xã,Quảng Ngãi
21061,Vạn Tường,Xã,Quảng Ngãi
21238,Vệ Giang,Xã,Quảng Ngãi
23356,Xốp,Xã,Quảng Ngãi
23548,Ya Ly,Xã,Quảng Ngãi
23954,Al Bá,Xã,Gia Lai
23614,An Bình,Phường,Gia Lai
21697,Ân Hảo,Xã,Gia Lai
21628,An Hòa,Xã,Gia Lai
23617,An Khê,Phường,Gia Lai
21609,An Lão,Xã,Gia Lai
21769,An Lương,Xã,Gia Lai
21910,An Nhơn,Phường,Gia Lai
21925,An Nhơn Bắc,Phường,Gia Lai
21934,An Nhơn Đông,Phường,Gia Lai
21943,An Nhơn Nam,Phường,Gia Lai
21940,An Nhơn Tây,Xã,Gia Lai
23602,An Phú,Phường,Gia Lai
21622,An Toàn,Xã,Gia Lai
21715,Ân Tường,Xã,Gia Lai
21616,An Vinh,Xã,Gia Lai
23798,Ayun,Xã,Gia Lai
24044,Ayun Pa,Phường,Gia Lai
23896,Bàu Cạn,Xã,Gia Lai
23590,Biển Hồ,Xã,Gia Lai
21829,Bình An,Xã,Gia Lai
21907,Bình Định,Phường,Gia Lai
21733,Bình Dương,Xã,Gia Lai
21817,Bình Hiệp,Xã,Gia Lai
21820,Bình Khê,Xã,Gia Lai
21835,Bình Phú,Xã,Gia Lai
23947,Bờ Ngoong,Xã,Gia Lai
21640,Bồng Sơn,Phường,Gia Lai
21997,Canh Liên,Xã,Gia Lai
22006,Canh Vinh,Xã,Gia Lai
21880,Cát Tiến,Xã,Gia Lai
23851,Chơ Long,Xã,Gia Lai
24049,Chư A Thai,Xã,Gia Lai
23830,Chư Krey,Xã,Gia Lai
23722,Chư Păh,Xã,Gia Lai
23887,Chư Prông,Xã,Gia Lai
23942,Chư Pưh,Xã,Gia Lai
23941,Chư Sê,Xã,Gia Lai
23629,Cửu An,Xã,Gia Lai
23677,Đak Đoa,Xã,Gia Lai
23995,Đak Pơ,Xã,Gia Lai
23644,Đak Rong,Xã,Gia Lai
23683,Đak Sơmei,Xã,Gia Lai
23842,Đăk Song,Xã,Gia Lai
21859,Đề Gi,Xã,Gia Lai
23563,Diên Hồng,Phường,Gia Lai
23857,Đức Cơ,Xã,Gia Lai
23611,Gào,Xã,Gia Lai
21871,Hòa Hội,Xã,Gia Lai
21688,Hoài Ân,Xã,Gia Lai
21664,Hoài Nhơn,Phường,Gia Lai
21655,Hoài Nhơn Bắc,Phường,Gia Lai
21670,Hoài Nhơn Đông,Phường,Gia Lai
21673,Hoài Nhơn Nam,Phường,Gia Lai
21661,Hoài Nhơn Tây,Phường,Gia Lai
23586,Hội Phú,Phường,Gia Lai
21868,Hội Sơn,Xã,Gia Lai
23799,Hra,Xã,Gia Lai
23710,Ia Băng,Xã,Gia Lai
23911,Ia Boòng,Xã,Gia Lai
23788,Ia Chia,Xã,Gia Lai
23869,Ia Dơk,Xã,Gia Lai
23872,Ia Dom,Xã,Gia Lai
24100,Ia Dreh,Xã,Gia Lai
23764,Ia Grai,Xã,Gia Lai
24061,Ia Hiao,Xã,Gia Lai
23971,Ia Hrú,Xã,Gia Lai
23767,Ia Hrung,Xã,Gia Lai
23728,Ia Khươl,Xã,Gia Lai
23977,Ia Ko,Xã,Gia Lai
23776,Ia Krái,Xã,Gia Lai
23866,Ia Krêl,Xã,Gia Lai
23935,Ia Lâu,Xã,Gia Lai
23986,Ia Le,Xã,Gia Lai
23734,Ia Ly,Xã,Gia Lai
23938,Ia Mơ,Xã,Gia Lai
23884,Ia Nan,Xã,Gia Lai
23782,Ia O,Xã,Gia Lai
24022,Ia Pa,Xã,Gia Lai
23749,Ia Phí,Xã,Gia Lai
23926,Ia Pia,Xã,Gia Lai
23881,Ia Pnôn,Xã,Gia Lai
23917,Ia Púch,Xã,Gia Lai
24065,Ia Rbol,Xã,Gia Lai
24112,Ia Rsai,Xã,Gia Lai
24073,Ia Sao,Xã,Gia Lai
23908,Ia Tôr,Xã,Gia Lai
24028,Ia Tul,Xã,Gia Lai
23638,Kbang,Xã,Gia Lai
23714,KDang,Xã,Gia Lai
21727,Kim Sơn,Xã,Gia Lai
23818,Kon Chiêng,Xã,Gia Lai
23701,Kon Gang,Xã,Gia Lai
23674,Kông Bơ La,Xã,Gia Lai
23824,Kông Chro,Xã,Gia Lai
23650,Krong,Xã,Gia Lai
23812,Lơ Pang,Xã,Gia Lai
23794,Mang Yang,Xã,Gia Lai
21901,Ngô Mây,Xã,Gia Lai
21607,Nhơn Châu,Xã,Gia Lai
21853,Phù Cát,Xã,Gia Lai
21730,Phù Mỹ,Xã,Gia Lai
21739,Phù Mỹ Bắc,Xã,Gia Lai
21751,Phù Mỹ Đông,Xã,Gia Lai
21775,Phù Mỹ Nam,Xã,Gia Lai
21757,Phù Mỹ Tây,Xã,Gia Lai
24043,Phú Thiện,Xã,Gia Lai
24076,Phú Túc,Xã,Gia Lai
23575,Pleiku,Phường,Gia Lai
24013,Pờ Tó,Xã,Gia Lai
21583,Quy Nhơn,Phường,Gia Lai
21553,Quy Nhơn Bắc,Phường,Gia Lai
21601,Quy Nhơn Đông,Phường,Gia Lai
21592,Quy Nhơn Nam,Phường,Gia Lai
21589,Quy Nhơn Tây,Phường,Gia Lai
23647,Sơn Lang,Xã,Gia Lai
23839,SRó,Xã,Gia Lai
21637,Tam Quan,Phường,Gia Lai
21808,Tây Sơn,Xã,Gia Lai
23584,Thống Nhất,Phường,Gia Lai
23668,Tơ Tung,Xã,Gia Lai
21952,Tuy Phước,Xã,Gia Lai
21964,Tuy Phước Bắc,Xã,Gia Lai
21970,Tuy Phước Đông,Xã,Gia Lai
21985,Tuy Phước Tây,Xã,Gia Lai
24109,Uar,Xã,Gia Lai
21994,Vân Canh,Xã,Gia Lai
21703,Vạn Đức,Xã,Gia Lai
21805,Vĩnh Quang,Xã,Gia Lai
21787,Vĩnh Sơn,Xã,Gia Lai
21786,Vĩnh Thạnh,Xã,Gia Lai
21796,Vĩnh Thịnh,Xã,Gia Lai
21892,Xuân An,Xã,Gia Lai
24007,Ya Hội,Xã,Gia Lai
23833,Ya Ma,Xã,Gia Lai
22828,Anh Dũng,Xã,Khánh Hòa
22423,Ba Ngòi,Phường,Khánh Hòa
22795,Bác Ái,Xã,Khánh Hòa
22801,Bác Ái Đông,Xã,Khánh Hòa
22786,Bác Ái Tây,Xã,Khánh Hòa
22411,Bắc Cam Ranh,Phường,Khánh Hòa
22615,Bắc Khánh Vĩnh,Xã,Khánh Hòa
22333,Bắc Nha Trang,Phường,Khánh Hòa
22546,Bắc Ninh Hòa,Xã,Khánh Hòa
22741,Bảo An,Phường,Khánh Hòa
22909,Cà Ná,Xã,Khánh Hòa
22465,Cam An,Xã,Khánh Hòa
22435,Cam Hiệp,Xã,Khánh Hòa
22453,Cam Lâm,Xã,Khánh Hòa
22432,Cam Linh,Phường,Khánh Hòa
22420,Cam Ranh,Phường,Khánh Hòa
22840,Công Hải,Xã,Khánh Hòa
22504,Đại Lãnh,Xã,Khánh Hòa
22657,Diên Điền,Xã,Khánh Hòa
22651,Diên Khánh,Xã,Khánh Hòa
22678,Diên Lạc,Xã,Khánh Hòa
22660,Diên Lâm,Xã,Khánh Hòa
22672,Diên Thọ,Xã,Khánh Hòa
22738,Đô Vinh,Phường,Khánh Hòa
22780,Đông Hải,Phường,Khánh Hòa
22732,Đông Khánh Sơn,Xã,Khánh Hòa
22561,Đông Ninh Hòa,Phường,Khánh Hòa
22591,Hòa Thắng,Phường,Khánh Hòa
22558,Hòa Trí,Xã,Khánh Hòa
22714,Khánh Sơn,Xã,Khánh Hòa
22609,Khánh Vĩnh,Xã,Khánh Hòa
22813,Lâm Sơn,Xã,Khánh Hòa
22822,Mỹ Sơn,Xã,Khánh Hòa
22480,Nam Cam Ranh,Xã,Khánh Hòa
22648,Nam Khánh Vĩnh,Xã,Khánh Hòa
22402,Nam Nha Trang,Phường,Khánh Hòa
22597,Nam Ninh Hòa,Xã,Khánh Hòa
22366,Nha Trang,Phường,Khánh Hòa
22834,Ninh Chử,Phường,Khánh Hòa
22852,Ninh Hải,Xã,Khánh Hòa
22528,Ninh Hòa,Phường,Khánh Hòa
22870,Ninh Phước,Xã,Khánh Hòa
22810,Ninh Sơn,Xã,Khánh Hòa
22759,Phan Rang,Phường,Khánh Hòa
22888,Phước Dinh,Xã,Khánh Hòa
22900,Phước Hà,Xã,Khánh Hòa
22873,Phước Hậu,Xã,Khánh Hòa
22891,Phước Hữu,Xã,Khánh Hòa
22708,Suối Dầu,Xã,Khánh Hòa
22702,Suối Hiệp,Xã,Khánh Hòa
22576,Tân Định,Xã,Khánh Hòa
22720,Tây Khánh Sơn,Xã,Khánh Hòa
22624,Tây Khánh Vĩnh,Xã,Khánh Hòa
22390,Tây Nha Trang,Phường,Khánh Hòa
22552,Tây Ninh Hòa,Xã,Khánh Hòa
22849,Thuận Bắc,Xã,Khánh Hòa
22897,Thuận Nam,Xã,Khánh Hòa
22612,Trung Khánh Vĩnh,Xã,Khánh Hòa
22736,Trường Sa,Đặc khu,Khánh Hòa
22498,Tu Bông,Xã,Khánh Hòa
22525,Vạn Hưng,Xã,Khánh Hòa
22489,Vạn Ninh,Xã,Khánh Hòa
22516,Vạn Thắng,Xã,Khánh Hòa
22846,Vĩnh Hải,Xã,Khánh Hòa
22861,Xuân Hải,Xã,Khánh Hòa
22045,Bình Kiến,Phường,Đắk Lắk
24235,Buôn Đôn,Xã,Đắk Lắk
24305,Buôn Hồ,Phường,Đắk Lắk
24133,Buôn Ma Thuột,Phường,Đắk Lắk
24340,Cư Bao,Phường,Đắk Lắk
24280,Cư M’gar,Xã,Đắk Lắk
24436,Cư M’ta,Xã,Đắk Lắk
24313,Cư Pơng,Xã,Đắk Lắk
24415,Cư Prao,Xã,Đắk Lắk
24478,Cư Pui,Xã,Đắk Lắk
24406,Cư Yang,Xã,Đắk Lắk
24301,Cuôr Đăng,Xã,Đắk Lắk
24595,Đắk Liêng,Xã,Đắk Lắk
24598,Đắk Phơi,Xã,Đắk Lắk
24454,Dang Kang,Xã,Đắk Lắk
24346,Dliê Ya,Xã,Đắk Lắk
22258,Đông Hòa,Phường,Đắk Lắk
22081,Đồng Xuân,Xã,Đắk Lắk
24561,Dray Bhăng,Xã,Đắk Lắk
22222,Đức Bình,Xã,Đắk Lắk
24568,Dur Kmăl,Xã,Đắk Lắk
22225,Ea Bá,Xã,Đắk Lắk
24229,Ea Bung,Xã,Đắk Lắk
24181,Ea Drăng,Xã,Đắk Lắk
24328,Ea Drông,Xã,Đắk Lắk
24184,Ea H’leo,Xã,Đắk Lắk
24187,Ea Hiao,Xã,Đắk Lắk
24169,Ea Kao,Phường,Đắk Lắk
24373,Ea Kar,Xã,Đắk Lắk
24208,Ea Khăl,Xã,Đắk Lắk
24265,Ea Kiết,Xã,Đắk Lắk
24496,Ea Kly,Xã,Đắk Lắk
24376,Ea Knốp,Xã,Đắk Lắk
24505,Ea Knuếc,Xã,Đắk Lắk
24544,Ea Ktur,Xã,Đắk Lắk
22237,Ea Ly,Xã,Đắk Lắk
24286,Ea M’Droh,Xã,Đắk Lắk
24559,Ea Na,Xã,Đắk Lắk
24540,Ea Ning,Xã,Đắk Lắk
24250,Ea Nuôl,Xã,Đắk Lắk
24403,Ea Ô,Xã,Đắk Lắk
24400,Ea Păl,Xã,Đắk Lắk
24502,Ea Phê,Xã,Đắk Lắk
24433,Ea Riêng,Xã,Đắk Lắk
24217,Ea Rốk,Xã,Đắk Lắk
24211,Ea Súp,Xã,Đắk Lắk
24445,Ea Trang,Xã,Đắk Lắk
24277,Ea Tul,Xã,Đắk Lắk
24241,Ea Wer,Xã,Đắk Lắk
24193,Ea Wy,Xã,Đắk Lắk
22261,Hòa Hiệp,Phường,Đắk Lắk
22285,Hòa Mỹ,Xã,Đắk Lắk
24175,Hòa Phú,Xã,Đắk Lắk
24472,Hòa Sơn,Xã,Đắk Lắk
22276,Hòa Thịnh,Xã,Đắk Lắk
22291,Hòa Xuân,Xã,Đắk Lắk
24214,Ia Lốp,Xã,Đắk Lắk
24221,Ia Rvê,Xã,Đắk Lắk
24444,Krông Á,Xã,Đắk Lắk
24538,Krông Ana,Xã,Đắk Lắk
24448,Krông Bông,Xã,Đắk Lắk
24310,Krông Búk,Xã,Đắk Lắk
24343,Krông Năng,Xã,Đắk Lắk
24604,Krông Nô,Xã,Đắk Lắk
24490,Krông Pắc,Xã,Đắk Lắk
24580,Liên Sơn Lắk,Xã,Đắk Lắk
24412,M’Drắk,Xã,Đắk Lắk
24607,Nam Ka,Xã,Đắk Lắk
22147,Ô Loan,Xã,Đắk Lắk
22319,Phú Hòa 1,Xã,Đắk Lắk
22303,Phú Hòa 2,Xã,Đắk Lắk
22096,Phú Mỡ,Xã,Đắk Lắk
24364,Phú Xuân,Xã,Đắk Lắk
22240,Phú Yên,Phường,Đắk Lắk
24316,Pơng Drang,Xã,Đắk Lắk
24259,Quảng Phú,Xã,Đắk Lắk
22165,Sơn Hòa,Xã,Đắk Lắk
22250,Sơn Thành,Xã,Đắk Lắk
22051,Sông Cầu,Phường,Đắk Lắk
22207,Sông Hinh,Xã,Đắk Lắk
22192,Suối Trai,Xã,Đắk Lắk
24352,Tam Giang,Xã,Đắk Lắk
24163,Tân An,Phường,Đắk Lắk
24121,Tân Lập,Phường,Đắk Lắk
24526,Tân Tiến,Xã,Đắk Lắk
22255,Tây Hòa,Xã,Đắk Lắk
22171,Tây Sơn,Xã,Đắk Lắk
24154,Thành Nhất,Phường,Đắk Lắk
22114,Tuy An Bắc,Xã,Đắk Lắk
22120,Tuy An Đông,Xã,Đắk Lắk
22153,Tuy An Nam,Xã,Đắk Lắk
22132,Tuy An Tây,Xã,Đắk Lắk
22015,Tuy Hòa,Phường,Đắk Lắk
22177,Vân Hòa,Xã,Đắk Lắk
24529,Vụ Bổn,Xã,Đắk Lắk
22060,Xuân Cảnh,Xã,Đắk Lắk
22076,Xuân Đài,Phường,Đắk Lắk
22090,Xuân Lãnh,Xã,Đắk Lắk
22057,Xuân Lộc,Xã,Đắk Lắk
22111,Xuân Phước,Xã,Đắk Lắk
22075,Xuân Thọ,Xã,Đắk Lắk
24484,Yang Mao,Xã,Đắk Lắk
24823,1 Bảo Lộc,Phường,Lâm Đồng
24820,2 Bảo Lộc,Phường,Lâm Đồng
24841,3 Bảo Lộc,Phường,Lâm Đồng
24829,B’Lao,Phường,Lâm Đồng
23005,Bắc Bình,Xã,Lâm Đồng
24611,Bắc Gia Nghĩa,Phường,Lâm Đồng
23152,Bắc Ruộng,Xã,Lâm Đồng
25054,Bảo Lâm 1,Xã,Lâm Đồng
25084,Bảo Lâm 2,Xã,Lâm Đồng
25093,Bảo Lâm 3,Xã,Lâm Đồng
25063,Bảo Lâm 4,Xã,Lâm Đồng
25057,Bảo Lâm 5,Xã,Lâm Đồng
25018,Bảo Thuận,Xã,Lâm Đồng
22960,Bình Thuận,Phường,Lâm Đồng
24787,Cam Ly - Đà Lạt,Phường,Lâm Đồng
25159,Cát Tiên,Xã,Lâm Đồng
25180,Cát Tiên 2,Xã,Lâm Đồng
25162,Cát Tiên 3,Xã,Lâm Đồng
24640,Cư Jút,Xã,Lâm Đồng
24934,D’Ran,Xã,Lâm Đồng
25099,Đạ Huoai,Xã,Lâm Đồng
25105,Đạ Huoai 2,Xã,Lâm Đồng
25114,Đạ Huoai 3,Xã,Lâm Đồng
25126,Đạ Tẻh,Xã,Lâm Đồng
25138,Đạ Tẻh 2,Xã,Lâm Đồng
25135,Đạ Tẻh 3,Xã,Lâm Đồng
24670,Đắk Mil,Xã,Lâm Đồng
24678,Đắk Sắk,Xã,Lâm Đồng
24718,Đắk song,Xã,Lâm Đồng
24646,Đắk Wil,Xã,Lâm Đồng
24886,Đam Rông 1,Xã,Lâm Đồng
24877,Đam Rông 2,Xã,Lâm Đồng
24875,Đam Rông 3,Xã,Lâm Đồng
24853,Đam Rông 4,Xã,Lâm Đồng
25000,Di Linh,Xã,Lâm Đồng
25007,Đinh Trang Thượng,Xã,Lâm Đồng
24871,Đinh Văn Lâm Hà,Xã,Lâm Đồng
24931,Đơn Dương,Xã,Lâm Đồng
24617,Đông Gia Nghĩa,Phường,Lâm Đồng
23074,Đông Giang,Xã,Lâm Đồng
23173,Đồng Kho,Xã,Lâm Đồng
24717,Đức An,Xã,Lâm Đồng
24664,Đức Lập,Xã,Lâm Đồng
23191,Đức Linh,Xã,Lâm Đồng
24958,Đức Trọng,Xã,Lâm Đồng
25015,Gia Hiệp,Xã,Lâm Đồng
23020,Hải Ninh,Xã,Lâm Đồng
23128,Hàm Kiệm,Xã,Lâm Đồng
23095,Hàm Liêm,Xã,Lâm Đồng
23236,Hàm Tân,Xã,Lâm Đồng
22933,Hàm Thắng,Phường,Lâm Đồng
23122,Hàm Thạnh,Xã,Lâm Đồng
23059,Hàm Thuận,Xã,Lâm Đồng
23089,Hàm Thuận Bắc,Xã,Lâm Đồng
23110,Hàm Thuận Nam,Xã,Lâm Đồng
24967,Hiệp Thạnh,Xã,Lâm Đồng
25042,Hòa Bắc,Xã,Lâm Đồng
25036,Hòa Ninh,Xã,Lâm Đồng
23053,Hòa Thắng,Xã,Lâm Đồng
23194,Hoài Đức,Xã,Lâm Đồng
23086,Hồng Sơn,Xã,Lâm Đồng
23041,Hồng Thái,Xã,Lâm Đồng
24943,Ka Đô,Xã,Lâm Đồng
24733,Kiến Đức,Xã,Lâm Đồng
24688,Krông Nô,Xã,Lâm Đồng
23065,La Dạ,Xã,Lâm Đồng
23235,La Gi,Phường,Lâm Đồng
24848,Lạc Dương,Xã,Lâm Đồng
24778,Lâm Viên - Đà Lạt,Phường,Lâm Đồng
24846,Lang Biang - Đà Lạt,Phường,Lâm Đồng
22969,Liên Hương,Xã,Lâm Đồng
23032,Lương Sơn,Xã,Lâm Đồng
22918,Mũi Né,Phường,Lâm Đồng
24868,Nam Ban Lâm Hà,Xã,Lâm Đồng
24697,Nam Đà,Xã,Lâm Đồng
24649,Nam Dong,Xã,Lâm Đồng
24615,Nam Gia Nghĩa,Phường,Lâm Đồng
24883,Nam Hà Lâm Hà,Xã,Lâm Đồng
24703,Nâm Nung,Xã,Lâm Đồng
23200,Nam Thành,Xã,Lâm Đồng
23158,Nghị Đức,Xã,Lâm Đồng
24751,Nhân Cơ,Xã,Lâm Đồng
24985,Ninh Gia,Xã,Lâm Đồng
22972,Phan Rí Cửa,Xã,Lâm Đồng
23008,Phan Sơn,Xã,Lâm Đồng
22945,Phan Thiết,Phường,Lâm Đồng
23272,Phú Quý,Đặc khu,Lâm Đồng
24895,Phú Sơn Lâm Hà,Xã,Lâm Đồng
22924,Phú Thủy,Phường,Lâm Đồng
24907,Phúc Thọ Lâm Hà,Xã,Lâm Đồng
23231,Phước Hội,Phường,Lâm Đồng
24620,Quảng Hòa,Xã,Lâm Đồng
24631,Quảng Khê,Xã,Lâm Đồng
24955,Quảng Lập,Xã,Lâm Đồng
24712,Quảng Phú,Xã,Lâm Đồng
24616,Quảng Sơn,Xã,Lâm Đồng
24748,Quảng Tân,Xã,Lâm Đồng
24760,Quảng Tín,Xã,Lâm Đồng
24736,Quảng Trực,Xã,Lâm Đồng
25051,Sơn Điền,Xã,Lâm Đồng
23266,Sơn Mỹ,Xã,Lâm Đồng
23023,Sông Lũy,Xã,Lâm Đồng
23188,Suối Kiết,Xã,Lâm Đồng
24637,Tà Đùng,Xã,Lâm Đồng
24991,Tà Hine,Xã,Lâm Đồng
24988,Tà Năng,Xã,Lâm Đồng
24916,Tân Hà Lâm Hà,Xã,Lâm Đồng
23246,Tân Hải,Xã,Lâm Đồng
24976,Tân Hội,Xã,Lâm Đồng
23134,Tân Lập,Xã,Lâm Đồng
23230,Tân Minh,Xã,Lâm Đồng
23143,Tân Thành,Xã,Lâm Đồng
23149,Tánh Linh,Xã,Lâm Đồng
24682,Thuận An,Xã,Lâm Đồng
24722,Thuận Hạnh,Xã,Lâm Đồng
22954,Tiến Thành,Phường,Lâm Đồng
23227,Trà Tân,Xã,Lâm Đồng
24730,Trường Xuân,Xã,Lâm Đồng
24739,Tuy Đức,Xã,Lâm Đồng
22978,Tuy Phong,Xã,Lâm Đồng
22963,Tuyên Quang,Xã,Lâm Đồng
22981,Vĩnh Hảo,Xã,Lâm Đồng
24781,Xuân Hương - Đà Lạt,Phường,Lâm Đồng
24805,Xuân Trường - Đà Lạt,Phường,Lâm Đồng
25333,An Lộc,Phường,Đồng Nai
26383,An Phước,Xã,Đồng Nai
26296,An Viễn,Xã,Đồng Nai
26098,Bảo Vinh,Phường,Đồng Nai
26254,Bàu Hàm,Xã,Đồng Nai
26068,Biên Hòa,Phường,Đồng Nai
26389,Bình An,Xã,Đồng Nai
26089,Bình Lộc,Phường,Đồng Nai
25326,Bình Long,Phường,Đồng Nai
26278,Bình Minh,Xã,Đồng Nai
25195,Bình Phước,Phường,Đồng Nai
25246,Bình Tân,Xã,Đồng Nai
25405,Bom Bo,Xã,Đồng Nai
25396,Bù Đăng,Xã,Đồng Nai
25222,Bù Gia Mập,Xã,Đồng Nai
26341,Cẩm Mỹ,Xã,Đồng Nai
25432,Chơn Thành,Phường,Đồng Nai
25231,Đa Kia,Xã,Đồng Nai
26491,Đại Phước,Xã,Đồng Nai
26119,Đak Lua,Xã,Đồng Nai
25399,Đak Nhau,Xã,Đồng Nai
25225,Đăk Ơ,Xã,Đồng Nai
26326,Dầu Giây,Xã,Đồng Nai
26206,Định Quán,Xã,Đồng Nai
25363,Đồng Phú,Xã,Đồng Nai
25390,Đồng Tâm,Xã,Đồng Nai
25210,Đồng Xoài,Phường,Đồng Nai
26311,Gia Kiệm,Xã,Đồng Nai
26113,Hàng Gòn,Phường,Đồng Nai
26005,Hố Nai,Phường,Đồng Nai
25309,Hưng Phước,Xã,Đồng Nai
26281,Hưng Thịnh,Xã,Đồng Nai
26227,La Ngà,Xã,Đồng Nai
25303,Lộc Hưng,Xã,Đồng Nai
25270,Lộc Ninh,Xã,Đồng Nai
25292,Lộc Quang,Xã,Đồng Nai
25279,Lộc Tấn,Xã,Đồng Nai
25294,Lộc Thành,Xã,Đồng Nai
25280,Lộc Thạnh,Xã,Đồng Nai
26020,Long Bình,Phường,Đồng Nai
25255,Long Hà,Xã,Đồng Nai
26380,Long Hưng,Phường,Đồng Nai
26080,Long Khánh,Phường,Đồng Nai
26413,Long Phước,Xã,Đồng Nai
26368,Long Thành,Xã,Đồng Nai
25349,Minh Đức,Xã,Đồng Nai
25441,Minh Hưng,Phường,Đồng Nai
26122,Nam Cát Tiên,Xã,Đồng Nai
25417,Nghĩa Trung,Xã,Đồng Nai
25450,Nha Bích,Xã,Đồng Nai
26485,Nhơn Trạch,Xã,Đồng Nai
26221,Phú Hòa,Xã,Đồng Nai
26158,Phú Lâm,Xã,Đồng Nai
26173,Phú Lý,Xã,Đồng Nai
25267,Phú Nghĩa,Xã,Đồng Nai
25252,Phú Riềng,Xã,Đồng Nai
25261,Phú Trung,Xã,Đồng Nai
26215,Phú Vinh,Xã,Đồng Nai
26503,Phước An,Xã,Đồng Nai
25220,Phước Bình,Phường,Đồng Nai
25217,Phước Long,Phường,Đồng Nai
25420,Phước Sơn,Xã,Đồng Nai
26377,Phước Tân,Phường,Đồng Nai
26422,Phước Thái,Xã,Đồng Nai
26362,Sông Ray,Xã,Đồng Nai
26134,Tà Lài,Xã,Đồng Nai
26017,Tam Hiệp,Phường,Đồng Nai
26374,Tam Phước,Phường,Đồng Nai
26179,Tân An,Xã,Đồng Nai
25345,Tân Hưng,Xã,Đồng Nai
25357,Tân Khai,Xã,Đồng Nai
25378,Tân Lợi,Xã,Đồng Nai
26116,Tân Phú,Xã,Đồng Nai
25351,Tân Quan,Xã,Đồng Nai
25318,Tân Tiến,Xã,Đồng Nai
26188,Tân Triều,Phường,Đồng Nai
26209,Thanh Sơn,Xã,Đồng Nai
25308,Thiện Hưng,Xã,Đồng Nai
25402,Thọ Sơn,Xã,Đồng Nai
26299,Thống Nhất,Xã,Đồng Nai
25387,Thuận Lợi,Xã,Đồng Nai
26041,Trấn Biên,Phường,Đồng Nai
26248,Trảng Bom,Xã,Đồng Nai
25993,Trảng Dài,Phường,Đồng Nai
26170,Trị An,Xã,Đồng Nai
26428,Xuân Bắc,Xã,Đồng Nai
26461,Xuân Định,Xã,Đồng Nai
26359,Xuân Đông,Xã,Đồng Nai
26347,Xuân Đường,Xã,Đồng Nai
26446,Xuân Hòa,Xã,Đồng Nai
26104,Xuân Lập,Phường,Đồng Nai
26425,Xuân Lộc,Xã,Đồng Nai
26458,Xuân Phú,Xã,Đồng Nai
26332,Xuân Quế,Xã,Đồng Nai
26434,Xuân Thành,Xã,Đồng Nai
27316,An Đông,Phường,TP. Hồ Chí Minh
26878,An Hội Đông,Phường,TP. Hồ Chí Minh
26882,An Hội Tây,Phường,TP. Hồ Chí Minh
27094,An Khánh,Phường,TP. Hồ Chí Minh
27460,An Lạc,Phường,TP. Hồ Chí Minh
25867,An Long,Xã,TP. Hồ Chí Minh
26876,An Nhơn,Phường,TP. Hồ Chí Minh
27508,An Nhơn Tây,Xã,TP. Hồ Chí Minh
25975,An Phú,Phường,TP. Hồ Chí Minh
26767,An Phú Đông,Phường,TP. Hồ Chí Minh
27673,An Thới Đông,Xã,TP. Hồ Chí Minh
27592,Bà Điểm,Xã,TP. Hồ Chí Minh
26560,Bà Rịa,Phường,TP. Hồ Chí Minh
25906,Bắc Tân Uyên,Xã,TP. Hồ Chí Minh
27154,Bàn Cờ,Phường,TP. Hồ Chí Minh
25822,Bàu Bàng,Xã,TP. Hồ Chí Minh
26638,Bàu Lâm,Xã,TP. Hồ Chí Minh
26983,Bảy Hiền,Phường,TP. Hồ Chí Minh
25813,Bến Cát,Phường,TP. Hồ Chí Minh
26743,Bến Thành,Phường,TP. Hồ Chí Minh
27637,Bình Chánh,Xã,TP. Hồ Chí Minh
26656,Bình Châu,Xã,TP. Hồ Chí Minh
25915,Bình Cơ,Phường,TP. Hồ Chí Minh
27424,Bình Đông,Phường,TP. Hồ Chí Minh
25760,Bình Dương,Phường,TP. Hồ Chí Minh
26590,Bình Giã,Xã,TP. Hồ Chí Minh
25987,Bình Hòa,Phường,TP. Hồ Chí Minh
27619,Bình Hưng,Xã,TP. Hồ Chí Minh
27439,Bình Hưng Hòa,Phường,TP. Hồ Chí Minh
27667,Bình Khánh,Xã,TP. Hồ Chí Minh
27610,Bình Lợi,Xã,TP. Hồ Chí Minh
26905,Bình Lợi Trung,Phường,TP. Hồ Chí Minh
27544,Bình Mỹ,Xã,TP. Hồ Chí Minh
27364,Bình Phú,Phường,TP. Hồ Chí Minh
26911,Bình Quới,Phường,TP. Hồ Chí Minh
27442,Bình Tân,Phường,TP. Hồ Chí Minh
27367,Bình Tây,Phường,TP. Hồ Chí Minh
26929,Bình Thạnh,Phường,TP. Hồ Chí Minh
27232,Bình Thới,Phường,TP. Hồ Chí Minh
27373,Bình Tiên,Phường,TP. Hồ Chí Minh
27448,Bình Trị Đông,Phường,TP. Hồ Chí Minh
27097,Bình Trưng,Phường,TP. Hồ Chí Minh
27664,Cần Giờ,Xã,TP. Hồ Chí Minh
27112,Cát Lái,Phường,TP. Hồ Chí Minh
27058,Cầu Kiệu,Phường,TP. Hồ Chí Minh
26758,Cầu Ông Lãnh,Phường,TP. Hồ Chí Minh
25771,Chánh Hiệp,Phường,TP. Hồ Chí Minh
27418,Chánh Hưng,Phường,TP. Hồ Chí Minh
25837,Chánh Phú Hòa,Phường,TP. Hồ Chí Minh
26596,Châu Đức,Xã,TP. Hồ Chí Minh
26728,Châu Pha,Xã,TP. Hồ Chí Minh
27343,Chợ Lớn,Phường,TP. Hồ Chí Minh
27301,Chợ Quán,Phường,TP. Hồ Chí Minh
26732,Côn Đảo,Đặc khu,TP. Hồ Chí Minh
27553,Củ Chi,Xã,TP. Hồ Chí Minh
26680,Đất Đỏ,Xã,TP. Hồ Chí Minh
25777,Dầu Tiếng,Xã,TP. Hồ Chí Minh
25942,Dĩ An,Phường,TP. Hồ Chí Minh
27169,Diên Hồng,Phường,TP. Hồ Chí Minh
25951,Đông Hòa,Phường,TP. Hồ Chí Minh
26791,Đông Hưng Thuận,Phường,TP. Hồ Chí Minh
27568,Đông Thạnh,Xã,TP. Hồ Chí Minh
27043,Đức Nhuận,Phường,TP. Hồ Chí Minh
26944,Gia Định,Phường,TP. Hồ Chí Minh
26884,Gò Vấp,Phường,TP. Hồ Chí Minh
26890,Hạnh Thông,Phường,TP. Hồ Chí Minh
26809,Hiệp Bình,Phường,TP. Hồ Chí Minh
27658,Hiệp Phước,Xã,TP. Hồ Chí Minh
26620,Hồ Tràm,Xã,TP. Hồ Chí Minh
27211,Hòa Bình,Phường,TP. Hồ Chí Minh
26647,Hòa Hiệp,Xã,TP. Hồ Chí Minh
26641,Hòa Hội,Xã,TP. Hồ Chí Minh
27163,Hòa Hưng,Phường,TP. Hồ Chí Minh
25849,Hòa Lợi,Phường,TP. Hồ Chí Minh
27559,Hóc Môn,Xã,TP. Hồ Chí Minh
27628,Hưng Long,Xã,TP. Hồ Chí Minh
27265,Khánh Hội,Phường,TP. Hồ Chí Minh
26608,Kim Long,Xã,TP. Hồ Chí Minh
25966,Lái Thiêu,Phường,TP. Hồ Chí Minh
26800,Linh Xuân,Phường,TP. Hồ Chí Minh
26833,Long Bình,Phường,TP. Hồ Chí Minh
26659,Long Điền,Xã,TP. Hồ Chí Minh
26662,Long Hải,Xã,TP. Hồ Chí Minh
25792,Long Hòa,Xã,TP. Hồ Chí Minh
26566,Long Hương,Phường,TP. Hồ Chí Minh
25840,Long Nguyên,Phường,TP. Hồ Chí Minh
26857,Long Phước,Phường,TP. Hồ Chí Minh
26545,Long Sơn,Xã,TP. Hồ Chí Minh
26860,Long Trường,Phường,TP. Hồ Chí Minh
27238,Minh Phụng,Phường,TP. Hồ Chí Minh
25780,Minh Thạnh,Xã,TP. Hồ Chí Minh
26575,Ngãi Giao,Xã,TP. Hồ Chí Minh
26617,Nghĩa Thành,Xã,TP. Hồ Chí Minh
27655,Nhà Bè,Xã,TP. Hồ Chí Minh
27142,Nhiêu Lộc,Phường,TP. Hồ Chí Minh
27511,Nhuận Đức,Xã,TP. Hồ Chí Minh
25768,Phú An,Phường,TP. Hồ Chí Minh
27427,Phú Định,Phường,TP. Hồ Chí Minh
25858,Phú Giáo,Xã,TP. Hồ Chí Minh
27541,Phú Hòa Đông,Xã,TP. Hồ Chí Minh
27349,Phú Lâm,Phường,TP. Hồ Chí Minh
25750,Phú Lợi,Phường,TP. Hồ Chí Minh
26704,Phú Mỹ,Phường,TP. Hồ Chí Minh
27073,Phú Nhuận,Phường,TP. Hồ Chí Minh
27028,Phú Thạnh,Phường,TP. Hồ Chí Minh
27226,Phú Thọ,Phường,TP. Hồ Chí Minh
27022,Phú Thọ Hòa,Phường,TP. Hồ Chí Minh
27484,Phú Thuận,Phường,TP. Hồ Chí Minh
26686,Phước Hải,Xã,TP. Hồ Chí Minh
25882,Phước Hòa,Xã,TP. Hồ Chí Minh
26848,Phước Long,Phường,TP. Hồ Chí Minh
26542,Phước Thắng,Phường,TP. Hồ Chí Minh
25864,Phước Thành,Xã,TP. Hồ Chí Minh
26536,Rạch Dừa,Phường,TP. Hồ Chí Minh
26740,Sài Gòn,Phường,TP. Hồ Chí Minh
26803,Tam Bình,Phường,TP. Hồ Chí Minh
26572,Tam Long,Phường,TP. Hồ Chí Minh
26526,Tam Thắng,Phường,TP. Hồ Chí Minh
27496,Tân An Hội,Xã,TP. Hồ Chí Minh
27004,Tân Bình,Phường,TP. Hồ Chí Minh
26737,Tân Định,Phường,TP. Hồ Chí Minh
25945,Tân Đông Hiệp,Phường,TP. Hồ Chí Minh
26710,Tân Hải,Phường,TP. Hồ Chí Minh
25920,Tân Hiệp,Phường,TP. Hồ Chí Minh
26995,Tân Hòa,Phường,TP. Hồ Chí Minh
27475,Tân Hưng,Phường,TP. Hồ Chí Minh
25891,Tân Khánh,Phường,TP. Hồ Chí Minh
27487,Tân Mỹ,Phường,TP. Hồ Chí Minh
27595,Tân Nhựt,Xã,TP. Hồ Chí Minh
27031,Tân Phú,Phường,TP. Hồ Chí Minh
26713,Tân Phước,Phường,TP. Hồ Chí Minh
27007,Tân Sơn,Phường,TP. Hồ Chí Minh
26977,Tân Sơn Hòa,Phường,TP. Hồ Chí Minh
26968,Tân Sơn Nhất,Phường,TP. Hồ Chí Minh
27019,Tân Sơn Nhì,Phường,TP. Hồ Chí Minh
27457,Tân Tạo,Phường,TP. Hồ Chí Minh
26725,Tân Thành,Phường,TP. Hồ Chí Minh
26782,Tân Thới Hiệp,Phường,TP. Hồ Chí Minh
27478,Tân Thuận,Phường,TP. Hồ Chí Minh
25888,Tân Uyên,Phường,TP. Hồ Chí Minh
27604,Tân Vĩnh Lộc,Xã,TP. Hồ Chí Minh
26842,Tăng Nhơn Phú,Phường,TP. Hồ Chí Minh
25843,Tây Nam,Phường,TP. Hồ Chí Minh
27013,Tây Thạnh,Phường,TP. Hồ Chí Minh
27526,Thái Mỹ,Xã,TP. Hồ Chí Minh
25807,Thanh An,Xã,TP. Hồ Chí Minh
27676,Thạnh An,Xã,TP. Hồ Chí Minh
26956,Thạnh Mỹ Tây,Phường,TP. Hồ Chí Minh
26773,Thới An,Phường,TP. Hồ Chí Minh
25846,Thới Hòa,Phường,TP. Hồ Chí Minh
26898,Thông Tây Hội,Phường,TP. Hồ Chí Minh
25747,Thủ Dầu Một,Phường,TP. Hồ Chí Minh
26824,Thủ Đức,Phường,TP. Hồ Chí Minh
25978,Thuận An,Phường,TP. Hồ Chí Minh
25969,Thuận Giao,Phường,TP. Hồ Chí Minh
25909,Thường Tân,Xã,TP. Hồ Chí Minh
25819,Trừ Văn Thố,Xã,TP. Hồ Chí Minh
26785,Trung Mỹ Tây,Phường,TP. Hồ Chí Minh
27286,Vĩnh Hội,Phường,TP. Hồ Chí Minh
27601,Vĩnh Lộc,Xã,TP. Hồ Chí Minh
25912,Vĩnh Tân,Phường,TP. Hồ Chí Minh
26506,Vũng Tàu,Phường,TP. Hồ Chí Minh
27190,Vườn Lài,Phường,TP. Hồ Chí Minh
27259,Xóm Chiếu,Phường,TP. Hồ Chí Minh
27139,Xuân Hòa,Phường,TP. Hồ Chí Minh
26584,Xuân Sơn,Xã,TP. Hồ Chí Minh
27577,Xuân Thới Sơn,Xã,TP. Hồ Chí Minh
26632,Xuyên Mộc,Xã,TP. Hồ Chí Minh
28243,An Lục Long,Xã,Tây Ninh
27943,An Ninh,Xã,Tây Ninh
25732,An Tịnh,Phường,Tây Ninh
25681,Bến Cầu,Xã,Tây Ninh
27991,Bến Lức,Xã,Tây Ninh
28015,Bình Đức,Xã,Tây Ninh
27793,Bình Hiệp,Xã,Tây Ninh
27811,Bình Hòa,Xã,Tây Ninh
25480,Bình Minh,Phường,Tây Ninh
27868,Bình Thành,Xã,Tây Ninh
28108,Cần Đước,Xã,Tây Ninh
28159,Cần Giuộc,Xã,Tây Ninh
25573,Cầu Khởi,Xã,Tây Ninh
25585,Châu Thành,Xã,Tây Ninh
27898,Đông Thành,Xã,Tây Ninh
27937,Đức Hòa,Xã,Tây Ninh
27925,Đức Huệ,Xã,Tây Ninh
27964,Đức Lập,Xã,Tây Ninh
25552,Dương Minh Châu,Xã,Tây Ninh
25672,Gia Lộc,Phường,Tây Ninh
25654,Gò Dầu,Phường,Tây Ninh
25588,Hảo Đước,Xã,Tây Ninh
27931,Hậu Nghĩa,Xã,Tây Ninh
27841,Hậu Thạnh,Xã,Tây Ninh
27952,Hiệp Hòa,Xã,Tây Ninh
25606,Hòa Hội,Xã,Tây Ninh
27979,Hòa Khánh,Xã,Tây Ninh
25645,Hòa Thành,Phường,Tây Ninh
27727,Hưng Điền,Xã,Tây Ninh
25711,Hưng Thuận,Xã,Tây Ninh
27715,Khánh Hậu,Phường,Tây Ninh
27763,Khánh Hưng,Xã,Tây Ninh
27787,Kiến Tường,Phường,Tây Ninh
25579,Lộc Ninh,Xã,Tây Ninh
27694,Long An,Phường,Tây Ninh
28126,Long Cang,Xã,Tây Ninh
25684,Long Chữ,Xã,Tây Ninh
25630,Long Hoa,Phường,Tây Ninh
28144,Long Hựu,Xã,Tây Ninh
25702,Long Thuận,Xã,Tây Ninh
28003,Lương Hòa,Xã,Tây Ninh
27823,Mộc Hóa,Xã,Tây Ninh
28066,Mỹ An,Xã,Tây Ninh
27976,Mỹ Hạnh,Xã,Tây Ninh
28132,Mỹ Lệ,Xã,Tây Ninh
28177,Mỹ Lộc,Xã,Tây Ninh
27907,Mỹ Quý,Xã,Tây Ninh
28051,Mỹ Thạnh,Xã,Tây Ninh
28018,Mỹ Yên,Xã,Tây Ninh
27838,Nhơn Hòa Lập,Xã,Tây Ninh
27856,Nhơn Ninh,Xã,Tây Ninh
28087,Nhựt Tảo,Xã,Tây Ninh
25621,Ninh Điền,Xã,Tây Ninh
25567,Ninh Thạnh,Phường,Tây Ninh
25729,Phước Chỉ,Xã,Tây Ninh
28165,Phước Lý,Xã,Tây Ninh
25663,Phước Thạnh,Xã,Tây Ninh
25591,Phước Vinh,Xã,Tây Ninh
28201,Phước Vĩnh Tây,Xã,Tây Ninh
28114,Rạch Kiến,Xã,Tây Ninh
28210,Tầm Vu,Xã,Tây Ninh
27712,Tân An,Phường,Tây Ninh
25486,Tân Biên,Xã,Tây Ninh
25516,Tân Châu,Xã,Tây Ninh
25522,Tân Đông,Xã,Tây Ninh
25531,Tân Hòa,Xã,Tây Ninh
25525,Tân Hội,Xã,Tây Ninh
27721,Tân Hưng,Xã,Tây Ninh
28138,Tân Lân,Xã,Tây Ninh
25489,Tân Lập,Xã,Tây Ninh
28072,Tân Long,Xã,Tây Ninh
25459,Tân Ninh,Phường,Tây Ninh
25549,Tân Phú,Xã,Tây Ninh
28207,Tân Tập,Xã,Tây Ninh
27889,Tân Tây,Xã,Tây Ninh
25534,Tân Thành,Xã,Tây Ninh
27826,Tân Thạnh,Xã,Tây Ninh
28075,Tân Trụ,Xã,Tây Ninh
25498,Thạnh Bình,Xã,Tây Ninh
25633,Thanh Điền,Phường,Tây Ninh
25657,Thạnh Đức,Xã,Tây Ninh
27865,Thạnh Hóa,Xã,Tây Ninh
27994,Thạnh Lợi,Xã,Tây Ninh
27877,Thạnh Phước,Xã,Tây Ninh
28036,Thủ Thừa,Xã,Tây Ninh
28225,Thuận Mỹ,Xã,Tây Ninh
25510,Trà Vong,Xã,Tây Ninh
25708,Trảng Bàng,Phường,Tây Ninh
25666,Truông Mít,Xã,Tây Ninh
27775,Tuyên Bình,Xã,Tây Ninh
27817,Tuyên Thạnh,Xã,Tây Ninh
28093,Vàm Cỏ,Xã,Tây Ninh
27748,Vĩnh Châu,Xã,Tây Ninh
28222,Vĩnh Công,Xã,Tây Ninh
27757,Vĩnh Hưng,Xã,Tây Ninh
27736,Vĩnh Thạnh,Xã,Tây Ninh
29954,An Bình,Phường,Đồng Tháp
30019,An Hòa,Xã,Đồng Tháp
28429,An Hữu,Xã,Đồng Tháp
30028,An Long,Xã,Đồng Tháp
29944,An Phước,Xã,Đồng Tháp
28633,An Thạnh Thủy,Xã,Đồng Tháp
30085,Ba Sao,Xã,Đồng Tháp
30118,Bình Hàng Trung,Xã,Đồng Tháp
28648,Bình Ninh,Xã,Đồng Tháp
28471,Bình Phú,Xã,Đồng Tháp
30163,Bình Thành,Xã,Đồng Tháp
28564,Bình Trưng,Xã,Đồng Tháp
28315,Bình Xuân,Phường,Đồng Tháp
28360,Cái Bè,Xã,Đồng Tháp
28439,Cai Lậy,Phường,Đồng Tháp
29869,Cao Lãnh,Phường,Đồng Tháp
28519,Châu Thành,Xã,Đồng Tháp
28594,Chợ Gạo,Xã,Đồng Tháp
28249,Đạo Thạnh,Phường,Đồng Tháp
30061,Đốc Binh Kiều,Xã,Đồng Tháp
28660,Đồng Sơn,Xã,Đồng Tháp
28720,Gia Thuận,Xã,Đồng Tháp
28306,Gò Công,Phường,Đồng Tháp
28747,Gò Công Đông,Xã,Đồng Tháp
28366,Hậu Mỹ,Xã,Đồng Tháp
28501,Hiệp Đức,Xã,Đồng Tháp
30208,Hòa Long,Xã,Đồng Tháp
28393,Hội Cư,Xã,Đồng Tháp
29955,Hồng Ngự,Phường,Đồng Tháp
28336,Hưng Thạnh,Xã,Đồng Tháp
28582,Kim Sơn,Xã,Đồng Tháp
30226,Lai Vung,Xã,Đồng Tháp
30169,Lấp Vò,Xã,Đồng Tháp
28687,Long Bình,Xã,Đồng Tháp
28543,Long Định,Xã,Đồng Tháp
28537,Long Hưng,Xã,Đồng Tháp
29983,Long Khánh,Xã,Đồng Tháp
29992,Long Phú Thuận,Xã,Đồng Tháp
28297,Long Thuận,Phường,Đồng Tháp
28504,Long Tiên,Xã,Đồng Tháp
28615,Lương Hòa Lạc,Xã,Đồng Tháp
30178,Mỹ An Hưng,Xã,Đồng Tháp
28405,Mỹ Đức Tây,Xã,Đồng Tháp
30112,Mỹ Hiệp,Xã,Đồng Tháp
28414,Mỹ Lợi,Xã,Đồng Tháp
29884,Mỹ Ngãi,Phường,Đồng Tháp
28273,Mỹ Phong,Phường,Đồng Tháp
28435,Mỹ Phước Tây,Phường,Đồng Tháp
30055,Mỹ Quí,Xã,Đồng Tháp
28456,Mỹ Thành,Xã,Đồng Tháp
28378,Mỹ Thiện,Xã,Đồng Tháp
28261,Mỹ Tho,Phường,Đồng Tháp
30076,Mỹ Thọ,Xã,Đồng Tháp
28603,Mỹ Tịnh An,Xã,Đồng Tháp
29888,Mỹ Trà,Phường,Đồng Tháp
28516,Ngũ Hiệp,Xã,Đồng Tháp
28477,Nhị Quý,Phường,Đồng Tháp
30235,Phong Hòa,Xã,Đồng Tháp
30088,Phong Mỹ,Xã,Đồng Tháp
30025,Phú Cường,Xã,Đồng Tháp
30244,Phú Hựu,Xã,Đồng Tháp
28663,Phú Thành,Xã,Đồng Tháp
30034,Phú Thọ,Xã,Đồng Tháp
30043,Phương Thịnh,Xã,Đồng Tháp
29905,Sa Đéc,Phường,Đồng Tháp
28729,Sơn Qui,Phường,Đồng Tháp
30010,Tam Nông,Xã,Đồng Tháp
28738,Tân Điền,Xã,Đồng Tháp
28723,Tân Đông,Xã,Đồng Tháp
30214,Tân Dương,Xã,Đồng Tháp
29929,Tân Hộ Cơ,Xã,Đồng Tháp
28702,Tân Hòa,Xã,Đồng Tháp
29926,Tân Hồng,Xã,Đồng Tháp
28525,Tân Hương,Xã,Đồng Tháp
30184,Tân Khánh Trung,Xã,Đồng Tháp
30154,Tân Long,Xã,Đồng Tháp
30253,Tân Nhuận Đông,Xã,Đồng Tháp
28468,Tân Phú,Xã,Đồng Tháp
28696,Tân Phú Đông,Xã,Đồng Tháp
30259,Tân Phú Trung,Xã,Đồng Tháp
28321,Tân Phước 1,Xã,Đồng Tháp
28327,Tân Phước 2,Xã,Đồng Tháp
28345,Tân Phước 3,Xã,Đồng Tháp
29938,Tân Thành,Xã,Đồng Tháp
30157,Tân Thạnh,Xã,Đồng Tháp
28693,Tân Thới,Xã,Đồng Tháp
28627,Tân Thuận Bình,Xã,Đồng Tháp
30130,Thanh Bình,Xã,Đồng Tháp
28436,Thanh Hòa,Phường,Đồng Tháp
28426,Thanh Hưng,Xã,Đồng Tháp
30073,Thanh Mỹ,Xã,Đồng Tháp
28444,Thạnh Phú,Xã,Đồng Tháp
30037,Tháp Mười,Xã,Đồng Tháp
28270,Thới Sơn,Phường,Đồng Tháp
29978,Thường Lạc,Phường,Đồng Tháp
29971,Thường Phước,Xã,Đồng Tháp
30001,Tràm Chim,Xã,Đồng Tháp
28285,Trung An,Phường,Đồng Tháp
30046,Trường Xuân,Xã,Đồng Tháp
28651,Vĩnh Bình,Xã,Đồng Tháp
28678,Vĩnh Hựu,Xã,Đồng Tháp
28576,Vĩnh Kim,Xã,Đồng Tháp
29584,An Bình,Xã,Vĩnh Long
28957,An Định,Xã,Vĩnh Long
29158,An Hiệp,Xã,Vĩnh Long
28777,An Hội,Phường,Vĩnh Long
29143,An Ngãi Trung,Xã,Vĩnh Long
29317,An Phú Tân,Xã,Vĩnh Long
29224,An Qui,Xã,Vĩnh Long
29275,An Trường,Xã,Vĩnh Long
29110,Ba Tri,Xã,Vĩnh Long
29125,Bảo Thạnh,Xã,Vĩnh Long
28789,Bến Tre,Phường,Vĩnh Long
29050,Bình Đại,Xã,Vĩnh Long
29771,Bình Minh,Phường,Vĩnh Long
29287,Bình Phú,Xã,Vĩnh Long
29638,Bình Phước,Xã,Vĩnh Long
29728,Cái Ngang,Xã,Vĩnh Long
29641,Cái Nhum,Xã,Vĩnh Long
29770,Cái Vồn,Phường,Vĩnh Long
29266,Càng Long,Xã,Vĩnh Long
29308,Cầu Kè,Xã,Vĩnh Long
29416,Cầu Ngang,Xã,Vĩnh Long
28996,Châu Hòa,Xã,Vĩnh Long
29083,Châu Hưng,Xã,Vĩnh Long
29374,Châu Thành,Xã,Vĩnh Long
28870,Chợ Lách,Xã,Vĩnh Long
29491,Đại An,Xã,Vĩnh Long
29194,Đại Điền,Xã,Vĩnh Long
29497,Đôn Châu,Xã,Vĩnh Long
29536,Đông Hải,Xã,Vĩnh Long
28945,Đồng Khởi,Xã,Vĩnh Long
29812,Đông Thành,Phường,Vĩnh Long
29512,Duyên Hải,Phường,Vĩnh Long
28807,Giao Long,Xã,Vĩnh Long
28984,Giồng Trôm,Xã,Vĩnh Long
29489,Hàm Giang,Xã,Vĩnh Long
29455,Hiệp Mỹ,Xã,Vĩnh Long
29701,Hiếu Phụng,Xã,Vĩnh Long
29713,Hiếu Thành,Xã,Vĩnh Long
29830,Hòa Bình,Xã,Vĩnh Long
29734,Hòa Hiệp,Xã,Vĩnh Long
29410,Hòa Minh,Xã,Vĩnh Long
29398,Hòa Thuận,Phường,Vĩnh Long
29362,Hùng Hòa,Xã,Vĩnh Long
28901,Hưng Khánh Trung,Xã,Vĩnh Long
29407,Hưng Mỹ,Xã,Vĩnh Long
29044,Hưng Nhượng,Xã,Vĩnh Long
28981,Hương Mỹ,Xã,Vĩnh Long
29077,Lộc Thuận,Xã,Vĩnh Long
29551,Long Châu,Phường,Vĩnh Long
29263,Long Đức,Phường,Vĩnh Long
29506,Long Hiệp,Xã,Vĩnh Long
29602,Long Hồ,Xã,Vĩnh Long
29413,Long Hòa,Xã,Vĩnh Long
29518,Long Hữu,Xã,Vĩnh Long
29513,Long Thành,Xã,Vĩnh Long
29533,Long Vĩnh,Xã,Vĩnh Long
29857,Lục Sĩ Thành,Xã,Vĩnh Long
28987,Lương Hòa,Xã,Vĩnh Long
28993,Lương Phú,Xã,Vĩnh Long
29476,Lưu Nghiệp Anh,Xã,Vĩnh Long
28903,Mỏ Cày,Xã,Vĩnh Long
29122,Mỹ Chánh Hòa,Xã,Vĩnh Long
29419,Mỹ Long,Xã,Vĩnh Long
29788,Mỹ Thuận,Xã,Vĩnh Long
29767,Ngãi Tứ,Xã,Vĩnh Long
29530,Ngũ Lạc,Xã,Vĩnh Long
29254,Nguyệt Hóa,Phường,Vĩnh Long
29302,Nhị Long,Xã,Vĩnh Long
29446,Nhị Trường,Xã,Vĩnh Long
29623,Nhơn Phú,Xã,Vĩnh Long
28948,Nhuận Phú Tân,Xã,Vĩnh Long
29329,Phong Thạnh,Xã,Vĩnh Long
28756,Phú Khương,Phường,Vĩnh Long
28879,Phú Phụng,Xã,Vĩnh Long
29611,Phú Quới,Xã,Vĩnh Long
28858,Phú Tân,Phường,Vĩnh Long
29062,Phú Thuận,Xã,Vĩnh Long
28810,Phú Túc,Xã,Vĩnh Long
29557,Phước Hậu,Phường,Vĩnh Long
29020,Phước Long,Xã,Vĩnh Long
28915,Phước Mỹ Trung,Xã,Vĩnh Long
29668,Quới An,Xã,Vĩnh Long
29191,Quới Điền,Xã,Vĩnh Long
29677,Quới Thiện,Xã,Vĩnh Long
28783,Sơn Đông,Phường,Vĩnh Long
29386,Song Lộc,Xã,Vĩnh Long
29740,Song Phú,Xã,Vĩnh Long
29719,Tam Bình,Xã,Vĩnh Long
29335,Tam Ngãi,Xã,Vĩnh Long
29278,Tân An,Xã,Vĩnh Long
29593,Tân Hạnh,Phường,Vĩnh Long
29029,Tân Hào,Xã,Vĩnh Long
29371,Tân Hòa,Xã,Vĩnh Long
29653,Tân Long Hội,Xã,Vĩnh Long
29785,Tân Lược,Xã,Vĩnh Long
29566,Tân Ngãi,Phường,Vĩnh Long
28840,Tân Phú,Xã,Vĩnh Long
29800,Tân Quới,Xã,Vĩnh Long
28921,Tân Thành Bình,Xã,Vĩnh Long
29167,Tân Thủy,Xã,Vĩnh Long
29137,Tân Xuân,Xã,Vĩnh Long
29365,Tập Ngãi,Xã,Vĩnh Long
29467,Tập Sơn,Xã,Vĩnh Long
29590,Thanh Đức,Phường,Vĩnh Long
29221,Thạnh Hải,Xã,Vĩnh Long
29227,Thạnh Phong,Xã,Vĩnh Long
29182,Thạnh Phú,Xã,Vĩnh Long
29104,Thạnh Phước,Xã,Vĩnh Long
28969,Thành Thới,Xã,Vĩnh Long
29089,Thạnh Trị,Xã,Vĩnh Long
29107,Thới Thuận,Xã,Vĩnh Long
28861,Tiên Thủy,Xã,Vĩnh Long
29341,Tiểu Cần,Xã,Vĩnh Long
29836,Trà Côn,Xã,Vĩnh Long
29461,Trà Cú,Xã,Vĩnh Long
29821,Trà Ôn,Xã,Vĩnh Long
29242,Trà Vinh,Phường,Vĩnh Long
29683,Trung Hiệp,Xã,Vĩnh Long
29698,Trung Ngãi,Xã,Vĩnh Long
29659,Trung Thành,Xã,Vĩnh Long
29516,Trường Long Hòa,Phường,Vĩnh Long
29431,Vinh Kim,Xã,Vĩnh Long
28894,Vĩnh Thành,Xã,Vĩnh Long
29845,Vĩnh Xuân,Xã,Vĩnh Long
30985,An Biên,Xã,An Giang
30589,An Châu,Xã,An Giang
30526,An Cư,Xã,An Giang
31018,An Minh,Xã,An Giang
30337,An Phú,Xã,An Giang
30547,Ba Chúc,Xã,An Giang
30898,Bình An,Xã,An Giang
30292,Bình Đức,Phường,An Giang
30826,Bình Giang,Xã,An Giang
30607,Bình Hòa,Xã,An Giang
30487,Bình Mỹ,Xã,An Giang
30823,Bình Sơn,Xã,An Giang
30445,Bình Thạnh Đông,Xã,An Giang
30595,Cần Đăng,Xã,An Giang
30316,Châu Đốc,Phường,An Giang
30403,Châu Phong,Xã,An Giang
30463,Châu Phú,Xã,An Giang
30880,Châu Thành,Xã,An Giang
30505,Chi Lăng,Phường,An Giang
30628,Chợ Mới,Xã,An Giang
30409,Chợ Vàm,Xã,An Giang
30580,Cô Tô,Xã,An Giang
30643,Cù Lao Giêng,Xã,An Giang
30958,Định Hòa,Xã,An Giang
30709,Định Mỹ,Xã,An Giang
31024,Đông Hòa,Xã,An Giang
31036,Đông Hưng,Xã,An Giang
31006,Đông Thái,Xã,An Giang
30796,Giang Thành,Xã,An Giang
30904,Giồng Riềng,Xã,An Giang
30952,Gò Quao,Xã,An Giang
30769,Hà Tiên,Phường,An Giang
30790,Hòa Điền,Xã,An Giang
30934,Hòa Hưng,Xã,An Giang
30430,Hòa Lạc,Xã,An Giang
30949,Hòa Thuận,Xã,An Giang
30673,Hội An,Xã,An Giang
30817,Hòn Đất,Xã,An Giang
30814,Hòn Nghệ,Xã,An Giang
30341,Khánh Bình,Xã,An Giang
31108,Kiên Hải,Đặc khu,An Giang
30787,Kiên Lương,Xã,An Giang
30631,Long Điền,Xã,An Giang
30664,Long Kiến,Xã,An Giang
30377,Long Phú,Phường,An Giang
30943,Long Thạnh,Xã,An Giang
30307,Long Xuyên,Phường,An Giang
30469,Mỹ Đức,Xã,An Giang
30313,Mỹ Hòa Hưng,Xã,An Giang
30301,Mỹ Thới,Phường,An Giang
30838,Mỹ Thuận,Xã,An Giang
30928,Ngọc Chúc,Xã,An Giang
30346,Nhơn Hội,Xã,An Giang
30658,Nhơn Mỹ,Xã,An Giang
30538,Núi Cấm,Xã,An Giang
30577,Ô Lâm,Xã,An Giang
30688,Óc Eo,Xã,An Giang
30436,Phú An,Xã,An Giang
30685,Phú Hòa,Xã,An Giang
30352,Phú Hữu,Xã,An Giang
30421,Phú Lâm,Xã,An Giang
31078,Phú Quốc,Đặc khu,An Giang
30406,Phú Tân,Xã,An Giang
30742,Rạch Giá,Phường,An Giang
30811,Sơn Hải,Xã,An Giang
30835,Sơn Kiên,Xã,An Giang
30388,Tân An,Xã,An Giang
30376,Tân Châu,Phường,An Giang
30850,Tân Hiệp,Xã,An Giang
30856,Tân Hội,Xã,An Giang
31031,Tân Thạnh,Xã,An Giang
30691,Tây Phú,Xã,An Giang
30988,Tây Yên,Xã,An Giang
30874,Thạnh Đông,Xã,An Giang
30910,Thạnh Hưng,Xã,An Giang
30886,Thạnh Lộc,Xã,An Giang
30481,Thạnh Mỹ Tây,Xã,An Giang
31105,Thổ Châu,Đặc khu,An Giang
30682,Thoại Sơn,Xã,An Giang
30502,Thới Sơn,Phường,An Giang
30781,Tiên Hải,Xã,An Giang
30520,Tịnh Biên,Phường,An Giang
30766,Tô Châu,Phường,An Giang
30544,Tri Tôn,Xã,An Giang
31027,U Minh Thượng,Xã,An Giang
31042,Vân Khánh,Xã,An Giang
30604,Vĩnh An,Xã,An Giang
31064,Vĩnh Bình,Xã,An Giang
30793,Vĩnh Điều,Xã,An Giang
30568,Vĩnh Gia,Xã,An Giang
30619,Vĩnh Hanh,Xã,An Giang
30367,Vĩnh Hậu,Xã,An Giang
31012,Vĩnh Hòa,Xã,An Giang
30970,Vĩnh Hòa Hưng,Xã,An Giang
31051,Vĩnh Phong,Xã,An Giang
30325,Vĩnh Tế,Phường,An Giang
30478,Vĩnh Thạnh Trung,Xã,An Giang
30760,Vĩnh Thông,Phường,An Giang
31069,Vĩnh Thuận,Xã,An Giang
30697,Vĩnh Trạch,Xã,An Giang
30982,Vĩnh Tuy,Xã,An Giang
30385,Vĩnh Xương,Xã,An Giang
31150,An Bình,Phường,Cần Thơ
31531,An Lạc Thôn,Xã,Cần Thơ
31594,An Ninh,Xã,Cần Thơ
31615,An Thạnh,Xã,Cần Thơ
31168,Bình Thủy,Phường,Cần Thơ
31120,Cái Khế,Phường,Cần Thơ
31186,Cái Răng,Phường,Cần Thơ
31366,Châu Thành,Xã,Cần Thơ
31261,Cờ Đỏ,Xã,Cần Thơ
31633,Cù Lao Dung,Xã,Cần Thơ
31561,Đại Hải,Xã,Cần Thơ
31645,Đại Ngãi,Xã,Cần Thơ
31411,Đại Thành,Phường,Cần Thơ
31273,Đông Hiệp,Xã,Cần Thơ
31369,Đông Phước,Xã,Cần Thơ
31282,Đông Thuận,Xã,Cần Thơ
31726,Gia Hòa,Xã,Cần Thơ
31396,Hiệp Hưng,Xã,Cần Thơ
31570,Hồ Đắc Kiện,Xã,Cần Thơ
31393,Hòa An,Xã,Cần Thơ
31338,Hỏa Lựu,Xã,Cần Thơ
31717,Hòa Tú,Xã,Cần Thơ
31201,Hưng Phú,Phường,Cần Thơ
31528,Kế Sách,Xã,Cần Thơ
31789,Khánh Hòa,Phường,Cần Thơ
31810,Lai Hòa,Xã,Cần Thơ
31759,Lâm Tân,Xã,Cần Thơ
31679,Lịch Hội Thượng,Xã,Cần Thơ
31675,Liêu Tú,Xã,Cần Thơ
31473,Long Bình,Phường,Cần Thơ
31579,Long Hưng,Xã,Cần Thơ
31471,Long Mỹ,Phường,Cần Thơ
31639,Long Phú,Xã,Cần Thơ
31480,Long Phú 1,Phường,Cần Thơ
31183,Long Tuyền,Phường,Cần Thơ
31492,Lương Tâm,Xã,Cần Thơ
31591,Mỹ Hương,Xã,Cần Thơ
31603,Mỹ Phước,Xã,Cần Thơ
31753,Mỹ Quới,Phường,Cần Thơ
31567,Mỹ Tú,Xã,Cần Thơ
31684,Mỹ Xuyên,Phường,Cần Thơ
31340,Ngã Bảy,Phường,Cần Thơ
31732,Ngã Năm,Phường,Cần Thơ
31723,Ngọc Tố,Xã,Cần Thơ
31315,Nhơn Ái,Xã,Cần Thơ
31552,Nhơn Mỹ,Xã,Cần Thơ
31708,Nhu Gia,Xã,Cần Thơ
31135,Ninh Kiều,Phường,Cần Thơ
31153,Ô Môn,Phường,Cần Thơ
31299,Phong Điền,Xã,Cần Thơ
31537,Phong Nẫm,Xã,Cần Thơ
31378,Phú Hữu,Xã,Cần Thơ
31756,Phú Lộc,Xã,Cần Thơ
31510,Phú Lợi,Phường,Cần Thơ
31569,Phú Tâm,Xã,Cần Thơ
31420,Phụng Hiệp,Xã,Cần Thơ
31162,Phước Thới,Phường,Cần Thơ
31426,Phương Bình,Xã,Cần Thơ
31507,Sóc Trăng,Phường,Cần Thơ
31687,Tài Văn,Xã,Cần Thơ
31147,Tân An,Phường,Cần Thơ
31399,Tân Bình,Xã,Cần Thơ
31342,Tân Hòa,Xã,Cần Thơ
31213,Tân Lộc,Phường,Cần Thơ
31741,Tân Long,Xã,Cần Thơ
31432,Tân Phước Hưng,Xã,Cần Thơ
31666,Tân Thạnh,Xã,Cần Thơ
31231,Thạnh An,Xã,Cần Thơ
31408,Thạnh Hòa,Xã,Cần Thơ
31249,Thạnh Phú,Xã,Cần Thơ
31246,Thạnh Quới,Xã,Cần Thơ
31699,Thạnh Thới An,Xã,Cần Thơ
31360,Thạnh Xuân,Xã,Cần Thơ
31174,Thới An Đông,Phường,Cần Thơ
31540,Thới An Hội,Xã,Cần Thơ
31264,Thới Hưng,Xã,Cần Thơ
31258,Thới Lai,Xã,Cần Thơ
31157,Thới Long,Phường,Cần Thơ
31207,Thốt Nốt,Phường,Cần Thơ
31582,Thuận Hòa,Xã,Cần Thơ
31228,Thuận Hưng,Phường,Cần Thơ
31673,Trần Đề,Xã,Cần Thơ
31255,Trung Hưng,Xã,Cần Thơ
31217,Trung Nhứt,Phường,Cần Thơ
31654,Trường Khánh,Xã,Cần Thơ
31309,Trường Long,Xã,Cần Thơ
31348,Trường Long Tây,Xã,Cần Thơ
31288,Trường Thành,Xã,Cần Thơ
31294,Trường Xuân,Xã,Cần Thơ
31333,Vị Tân,Phường,Cần Thơ
31321,Vị Thanh,Phường,Cần Thơ
31465,Vị Thanh 1,Xã,Cần Thơ
31441,Vị Thủy,Xã,Cần Thơ
31783,Vĩnh Châu,Phường,Cần Thơ
31795,Vĩnh Hải,Xã,Cần Thơ
31777,Vĩnh Lợi,Xã,Cần Thơ
31804,Vĩnh Phước,Phường,Cần Thơ
31232,Vĩnh Thạnh,Xã,Cần Thơ
31453,Vĩnh Thuận Đông,Xã,Cần Thơ
31237,Vĩnh Trinh,Xã,Cần Thơ
31459,Vĩnh Tường,Xã,Cần Thơ
31489,Vĩnh Viễn,Xã,Cần Thơ
31495,Xà Phiên,Xã,Cần Thơ
31988,An Trạch,Xã,Cà Mau
32002,An Xuyên,Phường,Cà Mau
31825,Bạc Liêu,Phường,Cà Mau
32069,Biển Bạch,Xã,Cà Mau
32212,Cái Đôi Vàm,Xã,Cà Mau
32128,Cái Nước,Xã,Cà Mau
31894,Châu Thới,Xã,Cà Mau
32104,Đá Bạc,Xã,Cà Mau
32152,Đầm Dơi,Xã,Cà Mau
32201,Đất Mới,Xã,Cà Mau
32248,Đất Mũi,Xã,Cà Mau
31993,Định Thành,Xã,Cà Mau
31975,Đông Hải,Xã,Cà Mau
31972,Gành Hào,Xã,Cà Mau
31942,Giá Rai,Phường,Cà Mau
31840,Hiệp Thành,Phường,Cà Mau
32092,Hồ Thị Kỷ,Xã,Cà Mau
31891,Hòa Bình,Xã,Cà Mau
32041,Hòa Thành,Phường,Cà Mau
31843,Hồng Dân,Xã,Cà Mau
31906,Hưng Hội,Xã,Cà Mau
32140,Hưng Mỹ,Xã,Cà Mau
32059,Khánh An,Xã,Cà Mau
32110,Khánh Bình,Xã,Cà Mau
32119,Khánh Hưng,Xã,Cà Mau
32062,Khánh Lâm,Xã,Cà Mau
31951,Láng Tròn,Phường,Cà Mau
31985,Long Điền,Xã,Cà Mau
32134,Lương Thế Trân,Xã,Cà Mau
32014,Lý Văn Lâm,Phường,Cà Mau
32191,Năm Căn,Xã,Cà Mau
32044,Nguyễn Phích,Xã,Cà Mau
32227,Nguyễn Việt Khái,Xã,Cà Mau
31849,Ninh Quới,Xã,Cà Mau
31864,Ninh Thạnh Lợi,Xã,Cà Mau
32244,Phan Ngọc Hiển,Xã,Cà Mau
31885,Phong Hiệp,Xã,Cà Mau
31957,Phong Thạnh,Xã,Cà Mau
32214,Phú Mỹ,Xã,Cà Mau
32218,Phú Tân,Xã,Cà Mau
31867,Phước Long,Xã,Cà Mau
32182,Quách Phẩm,Xã,Cà Mau
32098,Sông Đốc,Xã,Cà Mau
32155,Tạ An Khương,Xã,Cà Mau
32206,Tam Giang,Xã,Cà Mau
32236,Tân Ân,Xã,Cà Mau
32137,Tân Hưng,Xã,Cà Mau
32083,Tân Lộc,Xã,Cà Mau
32025,Tân Thành,Phường,Cà Mau
32167,Tân Thuận,Xã,Cà Mau
32188,Tân Tiến,Xã,Cà Mau
32185,Thanh Tùng,Xã,Cà Mau
32065,Thới Bình,Xã,Cà Mau
32161,Trần Phán,Xã,Cà Mau
32095,Trần Văn Thời,Xã,Cà Mau
32071,Trí Phải,Xã,Cà Mau
32047,U Minh,Xã,Cà Mau
31927,Vĩnh Hậu,Xã,Cà Mau
31858,Vĩnh Lộc,Xã,Cà Mau
31900,Vĩnh Lợi,Xã,Cà Mau
31918,Vĩnh Mỹ,Xã,Cà Mau
31876,Vĩnh Phước,Xã,Cà Mau
31882,Vĩnh Thanh,Xã,Cà Mau
31834,Vĩnh Trạch,Phường,Cà Mau
